lat;long;Maakunta;Kunta;Taso2 virasto;Palvelussuhteiden lukumäärä 12/2016
59.921;20.910;Ahvenanmaa;Kökar;Rajavartiolaitos;7
60.099;19.944;Ahvenanmaa;Maarianhamina;Käräjäoikeudet;13
60.099;19.944;Ahvenanmaa;Maarianhamina;Liikenteen turvallisuusvirasto;2
60.099;19.944;Ahvenanmaa;Maarianhamina;Lounais-Suomen aluehallintovirasto;1
60.099;19.944;Ahvenanmaa;Maarianhamina;Maanmittauslaitos;14
60.099;19.944;Ahvenanmaa;Maarianhamina;Oikeusapu- ja edunvalvontapiirit;5
60.099;19.944;Ahvenanmaa;Maarianhamina;Rajavartiolaitos;26
60.099;19.944;Ahvenanmaa;Maarianhamina;Statens ämbetsverk på Åland;15
60.099;19.944;Ahvenanmaa;Maarianhamina;Syyttäjänvirastot;4
60.099;19.944;Ahvenanmaa;Maarianhamina;Tulli;30
60.099;19.944;Ahvenanmaa;Maarianhamina;Ulosottovirastot;8
60.099;19.944;Ahvenanmaa;Maarianhamina;Verohallinto;21
61.193;28.776;Etelä-Karjala;Imatra;ELY-keskusten ja TE-toimistojen kehittämis- ja hallintokeskus;1
61.193;28.776;Etelä-Karjala;Imatra;Etelä-Savon elinkeino-, liikenne- ja ympäristökeskus;1
61.193;28.776;Etelä-Karjala;Imatra;Kaakkois-Suomen elinkeino-, liikenne- ja ympäristökeskus ;2
61.193;28.776;Etelä-Karjala;Imatra;Käräjäoikeudet;17
61.193;28.776;Etelä-Karjala;Imatra;Oikeusapu- ja edunvalvontapiirit;9
61.193;28.776;Etelä-Karjala;Imatra;Paikallispoliisi;85
61.193;28.776;Etelä-Karjala;Imatra;Rajavartiolaitos;346
61.193;28.776;Etelä-Karjala;Imatra;Tulli;74
61.193;28.776;Etelä-Karjala;Imatra;Työ- ja elinkeinotoimistot;26
61.193;28.776;Etelä-Karjala;Imatra;Valtion tieto- ja viestintätekniikkakeskus Valtori;6
61.193;28.776;Etelä-Karjala;Imatra;Verohallinto;14
61.067;28.183;Etelä-Karjala;Lappeenranta;ELY-keskusten ja TE-toimistojen kehittämis- ja hallintokeskus;5
61.067;28.183;Etelä-Karjala;Lappeenranta;Elintarviketurvallisuusvirasto;9
61.067;28.183;Etelä-Karjala;Lappeenranta;Etelä-Suomen aluehallintovirasto;17
61.067;28.183;Etelä-Karjala;Lappeenranta;Kaakkois-Suomen elinkeino-, liikenne- ja ympäristökeskus ;10
61.067;28.183;Etelä-Karjala;Lappeenranta;Käräjäoikeudet;32
61.067;28.183;Etelä-Karjala;Lappeenranta;Liikenne- ja viestintäministeriö;3
61.067;28.183;Etelä-Karjala;Lappeenranta;Liikennevirasto;85
61.067;28.183;Etelä-Karjala;Lappeenranta;Liikenteen turvallisuusvirasto;15
61.067;28.183;Etelä-Karjala;Lappeenranta;Maahanmuuttovirasto;81
61.067;28.183;Etelä-Karjala;Lappeenranta;Maanmittauslaitos;22
61.067;28.183;Etelä-Karjala;Lappeenranta;Maistraatit;19
61.067;28.183;Etelä-Karjala;Lappeenranta;Oikeusapu- ja edunvalvontapiirit;21
61.067;28.183;Etelä-Karjala;Lappeenranta;Paikallispoliisi;106
61.067;28.183;Etelä-Karjala;Lappeenranta;Pakolaist ja turvapaik hak vastaano;63
61.067;28.183;Etelä-Karjala;Lappeenranta;Pirkanmaan elinkeino-, liikenne- ja ympäristökeskus;6
61.067;28.183;Etelä-Karjala;Lappeenranta;Puolustushallinnon rakennuslaitos;12
61.067;28.183;Etelä-Karjala;Lappeenranta;Puolustusvoimat;283
61.067;28.183;Etelä-Karjala;Lappeenranta;Rajavartiolaitos;269
61.067;28.183;Etelä-Karjala;Lappeenranta;Rikosseuraamuslaitos;4
61.067;28.183;Etelä-Karjala;Lappeenranta;Suojelupoliisi;7
61.067;28.183;Etelä-Karjala;Lappeenranta;Syyttäjänvirastot;8
61.067;28.183;Etelä-Karjala;Lappeenranta;Tulli;239
61.067;28.183;Etelä-Karjala;Lappeenranta;Työ- ja elinkeinotoimistot;49
61.067;28.183;Etelä-Karjala;Lappeenranta;Ulosottovirastot;28
61.067;28.183;Etelä-Karjala;Lappeenranta;Valtiokonttori;4
61.067;28.183;Etelä-Karjala;Lappeenranta;Valtion tieto- ja viestintätekniikkakeskus Valtori;24
61.067;28.183;Etelä-Karjala;Lappeenranta;Verohallinto;67
61.556;29.501;Etelä-Karjala;Parikkala;Rajavartiolaitos;37
61.556;29.501;Etelä-Karjala;Parikkala;Tulli;2
61.556;29.501;Etelä-Karjala;Parikkala;Työ- ja elinkeinotoimistot;2
61.197;27.683;Etelä-Karjala;Savitaipale;Puolustusvoimat;8
63.000;23.817;Etelä-Pohjanmaa;Alajärvi;Maanmittauslaitos;11
63.000;23.817;Etelä-Pohjanmaa;Alajärvi;Paikallispoliisi;4
63.000;23.817;Etelä-Pohjanmaa;Alajärvi;Työ- ja elinkeinotoimistot;10
63.000;23.817;Etelä-Pohjanmaa;Alajärvi;Verohallinto;6
62.586;23.619;Etelä-Pohjanmaa;Alavus;Oikeusapu- ja edunvalvontapiirit;9
62.586;23.619;Etelä-Pohjanmaa;Alavus;Paikallispoliisi;22
62.586;23.619;Etelä-Pohjanmaa;Alavus;Työ- ja elinkeinotoimistot;1
62.586;23.619;Etelä-Pohjanmaa;Alavus;Verohallinto;10
62.732;22.581;Etelä-Pohjanmaa;Ilmajoki;Puolustusvoimat;25
62.424;22.176;Etelä-Pohjanmaa;Kauhajoki;Elintarviketurvallisuusvirasto;12
62.424;22.176;Etelä-Pohjanmaa;Kauhajoki;Oikeusapu- ja edunvalvontapiirit;5
62.424;22.176;Etelä-Pohjanmaa;Kauhajoki;Paikallispoliisi;21
62.424;22.176;Etelä-Pohjanmaa;Kauhajoki;Työ- ja elinkeinotoimistot;13
62.424;22.176;Etelä-Pohjanmaa;Kauhajoki;Ulosottovirastot;4
63.101;23.064;Etelä-Pohjanmaa;Kauhava;ELY-keskusten ja TE-toimistojen kehittämis- ja hallintokeskus;1
63.101;23.064;Etelä-Pohjanmaa;Kauhava;Puolustushallinnon rakennuslaitos;9
63.101;23.064;Etelä-Pohjanmaa;Kauhava;Puolustusvoimat;2
63.101;23.064;Etelä-Pohjanmaa;Kauhava;Työ- ja elinkeinotoimistot;1
62.971;23.007;Etelä-Pohjanmaa;Lapua;Oikeusapu- ja edunvalvontapiirit;6
62.971;23.007;Etelä-Pohjanmaa;Lapua;Paikallispoliisi;33
62.790;22.840;Etelä-Pohjanmaa;Seinäjoki;ELY-keskusten ja TE-toimistojen kehittämis- ja hallintokeskus;17
62.790;22.840;Etelä-Pohjanmaa;Seinäjoki;Elintarviketurvallisuusvirasto;39
62.790;22.840;Etelä-Pohjanmaa;Seinäjoki;Etelä-Pohjanmaan elinkeino-, liikenne- ja ympäristökeskus;102
62.790;22.840;Etelä-Pohjanmaa;Seinäjoki;Etelä-Savon elinkeino-, liikenne- ja ympäristökeskus;1
62.790;22.840;Etelä-Pohjanmaa;Seinäjoki;Keski-Suomen elinkeino-, liikenne- ja ympäristökeskus;4
62.790;22.840;Etelä-Pohjanmaa;Seinäjoki;Käräjäoikeudet;54
62.790;22.840;Etelä-Pohjanmaa;Seinäjoki;Luonnonvarakeskus;11
62.790;22.840;Etelä-Pohjanmaa;Seinäjoki;Länsi- ja Sisä-Suomen aluehallintovirasto;14
62.790;22.840;Etelä-Pohjanmaa;Seinäjoki;Maanmittauslaitos;63
62.790;22.840;Etelä-Pohjanmaa;Seinäjoki;Maaseutuvirasto;184
62.790;22.840;Etelä-Pohjanmaa;Seinäjoki;Maistraatit;18
62.790;22.840;Etelä-Pohjanmaa;Seinäjoki;Oikeusapu- ja edunvalvontapiirit;20
62.790;22.840;Etelä-Pohjanmaa;Seinäjoki;Paikallispoliisi;179
62.790;22.840;Etelä-Pohjanmaa;Seinäjoki;Pirkanmaan elinkeino-, liikenne- ja ympäristökeskus;6
62.790;22.840;Etelä-Pohjanmaa;Seinäjoki;Rikosseuraamuslaitos;8
62.790;22.840;Etelä-Pohjanmaa;Seinäjoki;Syyttäjänvirastot;14
62.790;22.840;Etelä-Pohjanmaa;Seinäjoki;Työ- ja elinkeinotoimistot;65
62.790;22.840;Etelä-Pohjanmaa;Seinäjoki;Ulosottovirastot;33
62.790;22.840;Etelä-Pohjanmaa;Seinäjoki;Uudenmaan elinkeino-, liikenne- ja ympäristökeskus;1
62.790;22.840;Etelä-Pohjanmaa;Seinäjoki;Valtion tieto- ja viestintätekniikkakeskus Valtori;5
62.790;22.840;Etelä-Pohjanmaa;Seinäjoki;Varsinais-Suomen elinkeino-, liikenne- ja ympäristökeskus;7
62.790;22.840;Etelä-Pohjanmaa;Seinäjoki;Verohallinto;120
62.550;24.069;Etelä-Pohjanmaa;Ähtäri;Puolustusvoimat;81
62.089;28.933;Etelä-Savo;Enonkoski;Luonnonvarakeskus;11
62.426;28.631;Etelä-Savo;Heinävesi;Etelä-Savon elinkeino-, liikenne- ja ympäristökeskus;1
61.897;27.857;Etelä-Savo;Juva;Paikallispoliisi;6
61.990;26.643;Etelä-Savo;Kangasniemi;Puolustushallinnon rakennuslaitos;1
61.688;27.274;Etelä-Savo;Mikkeli;ELY-keskusten ja TE-toimistojen kehittämis- ja hallintokeskus;20
61.688;27.274;Etelä-Savo;Mikkeli;Etelä-Savon elinkeino-, liikenne- ja ympäristökeskus;128
61.688;27.274;Etelä-Savo;Mikkeli;Etelä-Suomen aluehallintovirasto;11
61.688;27.274;Etelä-Savo;Mikkeli;Itä-Suomen aluehallintovirasto;48
61.688;27.274;Etelä-Savo;Mikkeli;Kansallisarkisto;1
61.688;27.274;Etelä-Savo;Mikkeli;Keski-Suomen elinkeino-, liikenne- ja ympäristökeskus;3
61.688;27.274;Etelä-Savo;Mikkeli;Keskusrikospoliisi;2
61.688;27.274;Etelä-Savo;Mikkeli;Käräjäoikeudet;37
61.688;27.274;Etelä-Savo;Mikkeli;Lapin elinkeino-, liikenne- ja ympäristökeskus;1
61.688;27.274;Etelä-Savo;Mikkeli;Luonnonvarakeskus;18
61.688;27.274;Etelä-Savo;Mikkeli;Maakunta-arkistot;18
61.688;27.274;Etelä-Savo;Mikkeli;Maanmittauslaitos;48
61.688;27.274;Etelä-Savo;Mikkeli;Maistraatit;11
61.688;27.274;Etelä-Savo;Mikkeli;Oikeusapu- ja edunvalvontapiirit;20
61.688;27.274;Etelä-Savo;Mikkeli;Paikallispoliisi;136
61.688;27.274;Etelä-Savo;Mikkeli;Pirkanmaan elinkeino-, liikenne- ja ympäristökeskus;7
61.688;27.274;Etelä-Savo;Mikkeli;Pohjois-Karjalan elinkeino-, liikenne- ja ympäristökeskus;1
61.688;27.274;Etelä-Savo;Mikkeli;Pohjois-Savon elinkeino-, liikenne- ja ympäristökeskus;6
61.688;27.274;Etelä-Savo;Mikkeli;Poliisihallitus;6
61.688;27.274;Etelä-Savo;Mikkeli;Puolustushallinnon rakennuslaitos;16
61.688;27.274;Etelä-Savo;Mikkeli;Puolustusvoimat;408
61.688;27.274;Etelä-Savo;Mikkeli;Rikosseuraamuslaitos;86
61.688;27.274;Etelä-Savo;Mikkeli;Syyttäjänvirastot;12
61.688;27.274;Etelä-Savo;Mikkeli;Terveyden ja hyvinvoinnin laitos;1
61.688;27.274;Etelä-Savo;Mikkeli;Työ- ja elinkeinotoimistot;37
61.688;27.274;Etelä-Savo;Mikkeli;Ulosottovirastot;17
61.688;27.274;Etelä-Savo;Mikkeli;Valtiokonttori;2
61.688;27.274;Etelä-Savo;Mikkeli;Valtion koulukodit;79
61.688;27.274;Etelä-Savo;Mikkeli;Valtion talous- ja henkilöstöhallinnon palvelukeskus;80
61.688;27.274;Etelä-Savo;Mikkeli;Valtion tieto- ja viestintätekniikkakeskus Valtori;15
61.688;27.274;Etelä-Savo;Mikkeli;Vankiterveydenhuollon yksikkö;3
61.688;27.274;Etelä-Savo;Mikkeli;Verohallinto;67
61.688;27.274;Etelä-Savo;Mikkeli;Yleissivistävät koulut;56
61.418;26.879;Etelä-Savo;Mäntyharju;Paikallispoliisi;1
62.300;27.158;Etelä-Savo;Pieksämäki;Käräjäoikeudet;1
62.300;27.158;Etelä-Savo;Pieksämäki;Liikennevirasto;1
62.300;27.158;Etelä-Savo;Pieksämäki;Oikeusapu- ja edunvalvontapiirit;4
62.300;27.158;Etelä-Savo;Pieksämäki;Paikallispoliisi;25
62.300;27.158;Etelä-Savo;Pieksämäki;Poliisiammattikorkeakoulu;2
62.300;27.158;Etelä-Savo;Pieksämäki;Rikosseuraamuslaitos;47
62.300;27.158;Etelä-Savo;Pieksämäki;Työ- ja elinkeinotoimistot;14
62.300;27.158;Etelä-Savo;Pieksämäki;Ulosottovirastot;8
62.300;27.158;Etelä-Savo;Pieksämäki;Vankiterveydenhuollon yksikkö;2
61.868;28.886;Etelä-Savo;Savonlinna;ELY-keskusten ja TE-toimistojen kehittämis- ja hallintokeskus;1
61.868;28.886;Etelä-Savo;Savonlinna;Etelä-Savon elinkeino-, liikenne- ja ympäristökeskus;1
61.868;28.886;Etelä-Savo;Savonlinna;Itä-Suomen aluehallintovirasto;1
61.868;28.886;Etelä-Savo;Savonlinna;Käräjäoikeudet;12
61.868;28.886;Etelä-Savo;Savonlinna;Liikenteen turvallisuusvirasto;3
61.868;28.886;Etelä-Savo;Savonlinna;Luonnonvarakeskus;20
61.868;28.886;Etelä-Savo;Savonlinna;Maanmittauslaitos;12
61.868;28.886;Etelä-Savo;Savonlinna;Maistraatit;7
61.868;28.886;Etelä-Savo;Savonlinna;Museovirasto;3
61.868;28.886;Etelä-Savo;Savonlinna;Oikeusapu- ja edunvalvontapiirit;13
61.868;28.886;Etelä-Savo;Savonlinna;Paikallispoliisi;62
61.868;28.886;Etelä-Savo;Savonlinna;Rikosseuraamuslaitos;1
61.868;28.886;Etelä-Savo;Savonlinna;Syyttäjänvirastot;3
61.868;28.886;Etelä-Savo;Savonlinna;Työ- ja elinkeinotoimistot;23
61.868;28.886;Etelä-Savo;Savonlinna;Ulosottovirastot;10
61.868;28.886;Etelä-Savo;Savonlinna;Valtion tieto- ja viestintätekniikkakeskus Valtori;4
61.868;28.886;Etelä-Savo;Savonlinna;Verohallinto;21
61.788;28.371;Etelä-Savo;Sulkava;Rikosseuraamuslaitos;25
61.788;28.371;Etelä-Savo;Sulkava;Vankiterveydenhuollon yksikkö;1
64.676;28.494;Kainuu;Hyrynsalmi;Lapin elinkeino-, liikenne- ja ympäristökeskus;1
64.225;27.733;Kainuu;Kajaani;ELY-keskusten ja TE-toimistojen kehittämis- ja hallintokeskus;12
64.225;27.733;Kainuu;Kajaani;Kainuun elinkeino-, liikenne- ja ympäristökeskus;62
64.225;27.733;Kainuu;Kajaani;Käräjäoikeudet;29
64.225;27.733;Kainuu;Kajaani;Lapin elinkeino-, liikenne- ja ympäristökeskus;6
64.225;27.733;Kainuu;Kajaani;Maanmittauslaitos;37
64.225;27.733;Kainuu;Kajaani;Maistraatit;13
64.225;27.733;Kainuu;Kajaani;Oikeusapu- ja edunvalvontapiirit;20
64.225;27.733;Kainuu;Kajaani;Paikallispoliisi;87
64.225;27.733;Kainuu;Kajaani;Pirkanmaan elinkeino-, liikenne- ja ympäristökeskus;2
64.225;27.733;Kainuu;Kajaani;Pohjois-Pohjanmaan elinkeino-, liikenne- ja ympäristökeskus;9
64.225;27.733;Kainuu;Kajaani;Pohjois-Suomen aluehallintovirasto;4
64.225;27.733;Kainuu;Kajaani;Puolustushallinnon rakennuslaitos;33
64.225;27.733;Kainuu;Kajaani;Puolustusvoimat;500
64.225;27.733;Kainuu;Kajaani;Rajavartiolaitos;58
64.225;27.733;Kainuu;Kajaani;Rikosseuraamuslaitos;3
64.225;27.733;Kainuu;Kajaani;Syyttäjänvirastot;7
64.225;27.733;Kainuu;Kajaani;Tulli;1
64.225;27.733;Kainuu;Kajaani;Työ- ja elinkeinotoimistot;42
64.225;27.733;Kainuu;Kajaani;Ulosottovirastot;15
64.225;27.733;Kainuu;Kajaani;Uudenmaan elinkeino-, liikenne- ja ympäristökeskus;2
64.225;27.733;Kainuu;Kajaani;Valtion tieto- ja viestintätekniikkakeskus Valtori;44
64.225;27.733;Kainuu;Kajaani;Verohallinto;27
64.128;29.518;Kainuu;Kuhmo;Maahanmuuttovirasto;22
64.128;29.518;Kainuu;Kuhmo;Oikeusapu- ja edunvalvontapiirit;6
64.128;29.518;Kainuu;Kuhmo;Paikallispoliisi;11
64.128;29.518;Kainuu;Kuhmo;Rajavartiolaitos;84
64.128;29.518;Kainuu;Kuhmo;Suomen ympäristökeskus;4
64.128;29.518;Kainuu;Kuhmo;Tulli;19
64.128;29.518;Kainuu;Kuhmo;Työ- ja elinkeinotoimistot;9
64.128;29.518;Kainuu;Kuhmo;Ulosottovirastot;1
64.128;29.518;Kainuu;Kuhmo;Verohallinto;5
64.407;27.838;Kainuu;Paltamo;Luonnonvarakeskus;8
64.407;27.838;Kainuu;Paltamo;Oikeusapu- ja edunvalvontapiirit;1
64.131;28.383;Kainuu;Sotkamo;Luonnonvarakeskus;12
64.131;28.383;Kainuu;Sotkamo;Paikallispoliisi;6
64.885;28.913;Kainuu;Suomussalmi;Lapin elinkeino-, liikenne- ja ympäristökeskus;1
64.885;28.913;Kainuu;Suomussalmi;Oikeusapu- ja edunvalvontapiirit;2
64.885;28.913;Kainuu;Suomussalmi;Paikallispoliisi;15
64.885;28.913;Kainuu;Suomussalmi;Rajavartiolaitos;22
64.885;28.913;Kainuu;Suomussalmi;Työ- ja elinkeinotoimistot;9
64.885;28.913;Kainuu;Suomussalmi;Verohallinto;6
64.560;26.840;Kainuu;Vaala;Oikeusapu- ja edunvalvontapiirit;5
64.560;26.840;Kainuu;Vaala;Rikosseuraamuslaitos;79
64.560;26.840;Kainuu;Vaala;Valtion tieto- ja viestintätekniikkakeskus Valtori;1
64.560;26.840;Kainuu;Vaala;Vankiterveydenhuollon yksikkö;2
60.814;23.622;Kanta-Häme;Forssa;Elintarviketurvallisuusvirasto;15
60.814;23.622;Kanta-Häme;Forssa;Käräjäoikeudet;3
60.814;23.622;Kanta-Häme;Forssa;Oikeusapu- ja edunvalvontapiirit;8
60.814;23.622;Kanta-Häme;Forssa;Paikallispoliisi;33
60.814;23.622;Kanta-Häme;Forssa;Työ- ja elinkeinotoimistot;20
60.814;23.622;Kanta-Häme;Forssa;Ulosottovirastot;7
61.056;24.371;Kanta-Häme;Hattula;Puolustusvoimat;518
60.996;24.465;Kanta-Häme;Hämeenlinna;ELY-keskusten ja TE-toimistojen kehittämis- ja hallintokeskus;8
60.996;24.465;Kanta-Häme;Hämeenlinna;Etelä-Savon elinkeino-, liikenne- ja ympäristökeskus;1
60.996;24.465;Kanta-Häme;Hämeenlinna;Etelä-Suomen aluehallintovirasto;111
60.996;24.465;Kanta-Häme;Hämeenlinna;Hallinto-oikeudet;68
60.996;24.465;Kanta-Häme;Hämeenlinna;Hämeen elinkeino-, liikenne- ja ympäristökeskus;59
60.996;24.465;Kanta-Häme;Hämeenlinna;Hätäkeskuslaitos;18
60.996;24.465;Kanta-Häme;Hämeenlinna;Kainuun elinkeino-, liikenne- ja ympäristökeskus;4
60.996;24.465;Kanta-Häme;Hämeenlinna;Kansallisarkisto;1
60.996;24.465;Kanta-Häme;Hämeenlinna;Käräjäoikeudet;40
60.996;24.465;Kanta-Häme;Hämeenlinna;Luonnonvarakeskus;1
60.996;24.465;Kanta-Häme;Hämeenlinna;Maakunta-arkistot;13
60.996;24.465;Kanta-Häme;Hämeenlinna;Maanmittauslaitos;71
60.996;24.465;Kanta-Häme;Hämeenlinna;Maaseutuvirasto;2
60.996;24.465;Kanta-Häme;Hämeenlinna;Maistraatit;20
60.996;24.465;Kanta-Häme;Hämeenlinna;Museovirasto;7
60.996;24.465;Kanta-Häme;Hämeenlinna;Oikeusapu- ja edunvalvontapiirit;17
60.996;24.465;Kanta-Häme;Hämeenlinna;Oikeusrekisterikeskus;135
60.996;24.465;Kanta-Häme;Hämeenlinna;Paikallispoliisi;186
60.996;24.465;Kanta-Häme;Hämeenlinna;Pirkanmaan elinkeino-, liikenne- ja ympäristökeskus;1
60.996;24.465;Kanta-Häme;Hämeenlinna;Pohjois-Savon elinkeino-, liikenne- ja ympäristökeskus;3
60.996;24.465;Kanta-Häme;Hämeenlinna;Poliisiammattikorkeakoulu;9
60.996;24.465;Kanta-Häme;Hämeenlinna;Puolustushallinnon rakennuslaitos;44
60.996;24.465;Kanta-Häme;Hämeenlinna;Puolustusvoimat;39
60.996;24.465;Kanta-Häme;Hämeenlinna;Rikosseuraamuslaitos;174
60.996;24.465;Kanta-Häme;Hämeenlinna;Syyttäjänvirastot;13
60.996;24.465;Kanta-Häme;Hämeenlinna;Tulli;23
60.996;24.465;Kanta-Häme;Hämeenlinna;Työ- ja elinkeinotoimistot;46
60.996;24.465;Kanta-Häme;Hämeenlinna;Ulosottovirastot;23
60.996;24.465;Kanta-Häme;Hämeenlinna;Valtion koulukodit;19
60.996;24.465;Kanta-Häme;Hämeenlinna;Valtion talous- ja henkilöstöhallinnon palvelukeskus;303
60.996;24.465;Kanta-Häme;Hämeenlinna;Valtion tieto- ja viestintätekniikkakeskus Valtori;86
60.996;24.465;Kanta-Häme;Hämeenlinna;Vankiterveydenhuollon yksikkö;49
60.996;24.465;Kanta-Häme;Hämeenlinna;Varsinais-Suomen elinkeino-, liikenne- ja ympäristökeskus;1
60.996;24.465;Kanta-Häme;Hämeenlinna;Verohallinto;203
60.922;24.647;Kanta-Häme;Janakkala;Valtion koulukodit;5
60.804;23.486;Kanta-Häme;Jokioinen;Ilmatieteen laitos;2
60.804;23.486;Kanta-Häme;Jokioinen;Luonnonvarakeskus;296
60.804;23.486;Kanta-Häme;Jokioinen;Valtion tieto- ja viestintätekniikkakeskus Valtori;8
60.718;24.442;Kanta-Häme;Loppi;Geologian tutkimuskeskus;2
60.718;24.442;Kanta-Häme;Loppi;Luonnonvarakeskus;25
60.739;24.772;Kanta-Häme;Riihimäki;ELY-keskusten ja TE-toimistojen kehittämis- ja hallintokeskus;1
60.739;24.772;Kanta-Häme;Riihimäki;Paikallispoliisi;28
60.739;24.772;Kanta-Häme;Riihimäki;Poliisihallitus;43
60.739;24.772;Kanta-Häme;Riihimäki;Puolustushallinnon rakennuslaitos;15
60.739;24.772;Kanta-Häme;Riihimäki;Puolustusvoimat;348
60.739;24.772;Kanta-Häme;Riihimäki;Rikosseuraamuslaitos;145
60.739;24.772;Kanta-Häme;Riihimäki;Työ- ja elinkeinotoimistot;23
60.739;24.772;Kanta-Häme;Riihimäki;Ulosottovirastot;10
60.739;24.772;Kanta-Häme;Riihimäki;Vankiterveydenhuollon yksikkö;5
60.808;23.760;Kanta-Häme;Tammela;Puolustusvoimat;26
60.804;23.282;Kanta-Häme;Ypäjä;Luonnonvarakeskus;3
63.900;23.917;Keski-Pohjanmaa;Kannus;Luonnonvarakeskus;20
63.900;23.917;Keski-Pohjanmaa;Kannus;Paikallispoliisi;5
63.900;23.917;Keski-Pohjanmaa;Kannus;Työ- ja elinkeinotoimistot;1
63.900;23.917;Keski-Pohjanmaa;Kannus;Valtion tieto- ja viestintätekniikkakeskus Valtori;1
63.549;23.690;Keski-Pohjanmaa;Kaustinen;Paikallispoliisi;11
63.549;23.690;Keski-Pohjanmaa;Kaustinen;Työ- ja elinkeinotoimistot;3
63.839;23.132;Keski-Pohjanmaa;Kokkola;ELY-keskusten ja TE-toimistojen kehittämis- ja hallintokeskus;8
63.839;23.132;Keski-Pohjanmaa;Kokkola;Etelä-Pohjanmaan elinkeino-, liikenne- ja ympäristökeskus;40
63.839;23.132;Keski-Pohjanmaa;Kokkola;Etelä-Savon elinkeino-, liikenne- ja ympäristökeskus;1
63.839;23.132;Keski-Pohjanmaa;Kokkola;Geologian tutkimuskeskus;31
63.839;23.132;Keski-Pohjanmaa;Kokkola;Keski-Suomen elinkeino-, liikenne- ja ympäristökeskus;1
63.839;23.132;Keski-Pohjanmaa;Kokkola;Käräjäoikeudet;21
63.839;23.132;Keski-Pohjanmaa;Kokkola;Länsi- ja Sisä-Suomen aluehallintovirasto;5
63.839;23.132;Keski-Pohjanmaa;Kokkola;Maanmittauslaitos;34
63.839;23.132;Keski-Pohjanmaa;Kokkola;Maaseutuvirasto;1
63.839;23.132;Keski-Pohjanmaa;Kokkola;Maistraatit;12
63.839;23.132;Keski-Pohjanmaa;Kokkola;Oikeusapu- ja edunvalvontapiirit;12
63.839;23.132;Keski-Pohjanmaa;Kokkola;Paikallispoliisi;106
63.839;23.132;Keski-Pohjanmaa;Kokkola;Pohjanmaan elinkeino-, liikenne- ja ympäristökeskus;12
63.839;23.132;Keski-Pohjanmaa;Kokkola;Pohjois-Pohjanmaan elinkeino-, liikenne- ja ympäristökeskus;2
63.839;23.132;Keski-Pohjanmaa;Kokkola;Puolustusvoimat;7
63.839;23.132;Keski-Pohjanmaa;Kokkola;Rajavartiolaitos;9
63.839;23.132;Keski-Pohjanmaa;Kokkola;Rikosseuraamuslaitos;3
63.839;23.132;Keski-Pohjanmaa;Kokkola;Syyttäjänvirastot;6
63.839;23.132;Keski-Pohjanmaa;Kokkola;Tulli;10
63.839;23.132;Keski-Pohjanmaa;Kokkola;Työ- ja elinkeinotoimistot;28
63.839;23.132;Keski-Pohjanmaa;Kokkola;Ulosottovirastot;13
63.839;23.132;Keski-Pohjanmaa;Kokkola;Valtion tieto- ja viestintätekniikkakeskus Valtori;3
63.839;23.132;Keski-Pohjanmaa;Kokkola;Verohallinto;45
63.839;23.132;Keski-Pohjanmaa;Kokkola;Väestörekisterikeskus;21
61.742;26.115;Keski-Suomi;Joutsa;Etelä-Savon elinkeino-, liikenne- ja ympäristökeskus;1
61.742;26.115;Keski-Suomi;Joutsa;Paikallispoliisi;6
62.240;25.744;Keski-Suomi;Jyväskylä;ELY-keskusten ja TE-toimistojen kehittämis- ja hallintokeskus;31
62.240;25.744;Keski-Suomi;Jyväskylä;Elintarviketurvallisuusvirasto;5
62.240;25.744;Keski-Suomi;Jyväskylä;Etelä-Savon elinkeino-, liikenne- ja ympäristökeskus;1
62.240;25.744;Keski-Suomi;Jyväskylä;Etelä-Suomen aluehallintovirasto;2
62.240;25.744;Keski-Suomi;Jyväskylä;Ilmatieteen laitos;3
62.240;25.744;Keski-Suomi;Jyväskylä;Itä-Suomen aluehallintovirasto;1
62.240;25.744;Keski-Suomi;Jyväskylä;Kansallinen koulutuksen arviointikeskus;7
62.240;25.744;Keski-Suomi;Jyväskylä;Kansallisarkisto;1
62.240;25.744;Keski-Suomi;Jyväskylä;Keski-Suomen elinkeino-, liikenne- ja ympäristökeskus;149
62.240;25.744;Keski-Suomi;Jyväskylä;Keskusrikospoliisi;3
62.240;25.744;Keski-Suomi;Jyväskylä;Käräjäoikeudet;83
62.240;25.744;Keski-Suomi;Jyväskylä;Lapsiasiavaltuutetun toimisto;5
62.240;25.744;Keski-Suomi;Jyväskylä;Liikennevirasto;3
62.240;25.744;Keski-Suomi;Jyväskylä;Luonnonvarakeskus;14
62.240;25.744;Keski-Suomi;Jyväskylä;Länsi- ja Sisä-Suomen aluehallintovirasto;45
62.240;25.744;Keski-Suomi;Jyväskylä;Maakunta-arkistot;10
62.240;25.744;Keski-Suomi;Jyväskylä;Maanmittauslaitos;104
62.240;25.744;Keski-Suomi;Jyväskylä;Maaseutuvirasto;2
62.240;25.744;Keski-Suomi;Jyväskylä;Maistraatit;34
62.240;25.744;Keski-Suomi;Jyväskylä;Oikeusapu- ja edunvalvontapiirit;43
62.240;25.744;Keski-Suomi;Jyväskylä;Paikallispoliisi;274
62.240;25.744;Keski-Suomi;Jyväskylä;Pirkanmaan elinkeino-, liikenne- ja ympäristökeskus;7
62.240;25.744;Keski-Suomi;Jyväskylä;Pohjois-Savon elinkeino-, liikenne- ja ympäristökeskus;5
62.240;25.744;Keski-Suomi;Jyväskylä;Pohjois-Suomen aluehallintovirasto;1
62.240;25.744;Keski-Suomi;Jyväskylä;Poliisihallitus;1
62.240;25.744;Keski-Suomi;Jyväskylä;Puolustushallinnon rakennuslaitos;56
62.240;25.744;Keski-Suomi;Jyväskylä;Puolustusvoimat;1110
62.240;25.744;Keski-Suomi;Jyväskylä;Rikosseuraamuslaitos;13
62.240;25.744;Keski-Suomi;Jyväskylä;Suomen ympäristökeskus;15
62.240;25.744;Keski-Suomi;Jyväskylä;Syyttäjänvirastot;20
62.240;25.744;Keski-Suomi;Jyväskylä;Taiteen edistämiskeskus;5
62.240;25.744;Keski-Suomi;Jyväskylä;Terveyden ja hyvinvoinnin laitos;3
62.240;25.744;Keski-Suomi;Jyväskylä;Tulli;3
62.240;25.744;Keski-Suomi;Jyväskylä;Työ- ja elinkeinotoimistot;119
62.240;25.744;Keski-Suomi;Jyväskylä;Ulosottovirastot;42
62.240;25.744;Keski-Suomi;Jyväskylä;Uudenmaan elinkeino-, liikenne- ja ympäristökeskus;3
62.240;25.744;Keski-Suomi;Jyväskylä;Valtion tieto- ja viestintätekniikkakeskus Valtori;43
62.240;25.744;Keski-Suomi;Jyväskylä;Verohallinto;168
62.240;25.744;Keski-Suomi;Jyväskylä;Viestintävirasto;5
62.240;25.744;Keski-Suomi;Jyväskylä;Yleissivistävät koulut;188
61.864;25.190;Keski-Suomi;Jämsä;Oikeusapu- ja edunvalvontapiirit;5
61.864;25.190;Keski-Suomi;Jämsä;Paikallispoliisi;34
61.864;25.190;Keski-Suomi;Jämsä;Työ- ja elinkeinotoimistot;5
61.864;25.190;Keski-Suomi;Jämsä;Ulosottovirastot;5
62.260;24.707;Keski-Suomi;Keuruu;Paikallispoliisi;25
62.260;24.707;Keski-Suomi;Keuruu;Puolustushallinnon rakennuslaitos;5
62.260;24.707;Keski-Suomi;Keuruu;Puolustusvoimat;19
62.414;25.954;Keski-Suomi;Laukaa;Luonnonvarakeskus;32
62.414;25.954;Keski-Suomi;Laukaa;Rikosseuraamuslaitos;30
62.414;25.954;Keski-Suomi;Laukaa;Työ- ja elinkeinotoimistot;1
62.414;25.954;Keski-Suomi;Laukaa;Vankiterveydenhuollon yksikkö;1
62.706;25.257;Keski-Suomi;Saarijärvi;Maanmittauslaitos;15
62.706;25.257;Keski-Suomi;Saarijärvi;Maistraatit;1
62.706;25.257;Keski-Suomi;Saarijärvi;Paikallispoliisi;37
62.097;26.082;Keski-Suomi;Toivakka;Puolustushallinnon rakennuslaitos;7
62.097;26.082;Keski-Suomi;Toivakka;Puolustusvoimat;27
63.075;25.860;Keski-Suomi;Viitasaari;Oikeusapu- ja edunvalvontapiirit;4
63.075;25.860;Keski-Suomi;Viitasaari;Paikallispoliisi;13
63.075;25.860;Keski-Suomi;Viitasaari;Puolustusvoimat;7
63.075;25.860;Keski-Suomi;Viitasaari;Työ- ja elinkeinotoimistot;3
63.075;25.860;Keski-Suomi;Viitasaari;Verohallinto;7
62.604;25.726;Keski-Suomi;Äänekoski;Oikeusapu- ja edunvalvontapiirit;6
62.604;25.726;Keski-Suomi;Äänekoski;Paikallispoliisi;7
62.604;25.726;Keski-Suomi;Äänekoski;Työ- ja elinkeinotoimistot;16
62.604;25.726;Keski-Suomi;Äänekoski;Ulosottovirastot;6
60.570;27.198;Kymenlaakso;Hamina;Paikallispoliisi;6
60.570;27.198;Kymenlaakso;Hamina;Puolustushallinnon rakennuslaitos;88
60.570;27.198;Kymenlaakso;Hamina;Puolustusvoimat;242
60.570;27.198;Kymenlaakso;Hamina;Tulli;34
60.570;27.198;Kymenlaakso;Hamina;Työ- ja elinkeinotoimistot;13
60.467;26.946;Kymenlaakso;Kotka;Käräjäoikeudet;28
60.467;26.946;Kymenlaakso;Kotka;Liikenteen turvallisuusvirasto;3
60.467;26.946;Kymenlaakso;Kotka;Maistraatit;8
60.467;26.946;Kymenlaakso;Kotka;Museovirasto;10
60.467;26.946;Kymenlaakso;Kotka;Oikeusapu- ja edunvalvontapiirit;16
60.467;26.946;Kymenlaakso;Kotka;Paikallispoliisi;120
60.467;26.946;Kymenlaakso;Kotka;Puolustusvoimat;2
60.467;26.946;Kymenlaakso;Kotka;Rajavartiolaitos;23
60.467;26.946;Kymenlaakso;Kotka;Syyttäjänvirastot;7
60.467;26.946;Kymenlaakso;Kotka;Tulli;75
60.467;26.946;Kymenlaakso;Kotka;Työ- ja elinkeinotoimistot;36
60.467;26.946;Kymenlaakso;Kotka;Ulosottovirastot;14
60.467;26.946;Kymenlaakso;Kotka;Valtion tieto- ja viestintätekniikkakeskus Valtori;2
60.467;26.946;Kymenlaakso;Kotka;Verohallinto;35
60.868;26.704;Kymenlaakso;Kouvola;ELY-keskusten ja TE-toimistojen kehittämis- ja hallintokeskus;27
60.868;26.704;Kymenlaakso;Kouvola;Etelä-Pohjanmaan elinkeino-, liikenne- ja ympäristökeskus;1
60.868;26.704;Kymenlaakso;Kouvola;Etelä-Savon elinkeino-, liikenne- ja ympäristökeskus;2
60.868;26.704;Kymenlaakso;Kouvola;Etelä-Suomen aluehallintovirasto;44
60.868;26.704;Kymenlaakso;Kouvola;Hovioikeudet;16
60.868;26.704;Kymenlaakso;Kouvola;Hämeen elinkeino-, liikenne- ja ympäristökeskus;8
60.868;26.704;Kymenlaakso;Kouvola;Ilmatieteen laitos;1
60.868;26.704;Kymenlaakso;Kouvola;Kaakkois-Suomen elinkeino-, liikenne- ja ympäristökeskus ;116
60.868;26.704;Kymenlaakso;Kouvola;Keskusrikospoliisi;9
60.868;26.704;Kymenlaakso;Kouvola;Käräjäoikeudet;36
60.868;26.704;Kymenlaakso;Kouvola;Liikennevirasto;9
60.868;26.704;Kymenlaakso;Kouvola;Maanmittauslaitos;34
60.868;26.704;Kymenlaakso;Kouvola;Maistraatit;13
60.868;26.704;Kymenlaakso;Kouvola;Oikeusapu- ja edunvalvontapiirit;21
60.868;26.704;Kymenlaakso;Kouvola;Paikallispoliisi;179
60.868;26.704;Kymenlaakso;Kouvola;Pirkanmaan elinkeino-, liikenne- ja ympäristökeskus;1
60.868;26.704;Kymenlaakso;Kouvola;Pohjois-Karjalan elinkeino-, liikenne- ja ympäristökeskus;1
60.868;26.704;Kymenlaakso;Kouvola;Poliisihallitus;30
60.868;26.704;Kymenlaakso;Kouvola;Puolustushallinnon rakennuslaitos;45
60.868;26.704;Kymenlaakso;Kouvola;Puolustusvoimat;968
60.868;26.704;Kymenlaakso;Kouvola;Rajavartiolaitos;1
60.868;26.704;Kymenlaakso;Kouvola;Rikosseuraamuslaitos;10
60.868;26.704;Kymenlaakso;Kouvola;Syyttäjänvirastot;9
60.868;26.704;Kymenlaakso;Kouvola;Taiteen edistämiskeskus;7
60.868;26.704;Kymenlaakso;Kouvola;Terveyden ja hyvinvoinnin laitos;2
60.868;26.704;Kymenlaakso;Kouvola;Tulli;6
60.868;26.704;Kymenlaakso;Kouvola;Työ- ja elinkeinotoimistot;61
60.868;26.704;Kymenlaakso;Kouvola;Ulkoasiainministeriö;1
60.868;26.704;Kymenlaakso;Kouvola;Ulosottovirastot;23
60.868;26.704;Kymenlaakso;Kouvola;Uudenmaan elinkeino-, liikenne- ja ympäristökeskus;3
60.868;26.704;Kymenlaakso;Kouvola;Valtiokonttori;13
60.868;26.704;Kymenlaakso;Kouvola;Valtion koulukodit;56
60.868;26.704;Kymenlaakso;Kouvola;Valtion tieto- ja viestintätekniikkakeskus Valtori;15
60.868;26.704;Kymenlaakso;Kouvola;Varsinais-Suomen elinkeino-, liikenne- ja ympäristökeskus;4
60.868;26.704;Kymenlaakso;Kouvola;Verohallinto;131
60.583;27.707;Kymenlaakso;Virolahti;Rajavartiolaitos;193
60.583;27.707;Kymenlaakso;Virolahti;Tulli;133
68.385;23.639;Lappi;Enontekiö;Ammatilliset koulut;2
68.385;23.639;Lappi;Enontekiö;Paikallispoliisi;2
68.385;23.639;Lappi;Enontekiö;Tulli;16
68.385;23.639;Lappi;Enontekiö;Työ- ja elinkeinotoimistot;2
68.660;27.539;Lappi;Inari;Ammatilliset koulut;64
68.660;27.539;Lappi;Inari;Kansallisarkisto;2
68.660;27.539;Lappi;Inari;Käräjäoikeudet;1
68.660;27.539;Lappi;Inari;Liikennevirasto;1
68.660;27.539;Lappi;Inari;Luonnonvarakeskus;13
68.660;27.539;Lappi;Inari;Maanmittauslaitos;6
68.660;27.539;Lappi;Inari;Oikeusapu- ja edunvalvontapiirit;5
68.660;27.539;Lappi;Inari;Paikallispoliisi;17
68.660;27.539;Lappi;Inari;Puolustusvoimat;7
68.660;27.539;Lappi;Inari;Rajavartiolaitos;105
68.660;27.539;Lappi;Inari;Tulli;18
68.660;27.539;Lappi;Inari;Työ- ja elinkeinotoimistot;4
68.660;27.539;Lappi;Inari;Ulosottovirastot;3
68.660;27.539;Lappi;Inari;Valtion tieto- ja viestintätekniikkakeskus Valtori;2
68.660;27.539;Lappi;Inari;Verohallinto;5
65.736;24.564;Lappi;Kemi;ELY-keskusten ja TE-toimistojen kehittämis- ja hallintokeskus;1
65.736;24.564;Lappi;Kemi;Elintarviketurvallisuusvirasto;2
65.736;24.564;Lappi;Kemi;Käräjäoikeudet;25
65.736;24.564;Lappi;Kemi;Lapin elinkeino-, liikenne- ja ympäristökeskus;5
65.736;24.564;Lappi;Kemi;Maistraatit;8
65.736;24.564;Lappi;Kemi;Oikeusapu- ja edunvalvontapiirit;14
65.736;24.564;Lappi;Kemi;Paikallispoliisi;96
65.736;24.564;Lappi;Kemi;Pirkanmaan elinkeino-, liikenne- ja ympäristökeskus;1
65.736;24.564;Lappi;Kemi;Pohjois-Pohjanmaan elinkeino-, liikenne- ja ympäristökeskus;2
65.736;24.564;Lappi;Kemi;Pohjois-Suomen aluehallintovirasto;4
65.736;24.564;Lappi;Kemi;Rajavartiolaitos;4
65.736;24.564;Lappi;Kemi;Rikosseuraamuslaitos;3
65.736;24.564;Lappi;Kemi;Syyttäjänvirastot;7
65.736;24.564;Lappi;Kemi;Työ- ja elinkeinotoimistot;25
65.736;24.564;Lappi;Kemi;Ulosottovirastot;18
65.736;24.564;Lappi;Kemi;Verohallinto;36
66.714;27.433;Lappi;Kemijärvi;ELY-keskusten ja TE-toimistojen kehittämis- ja hallintokeskus;1
66.714;27.433;Lappi;Kemijärvi;Lapin elinkeino-, liikenne- ja ympäristökeskus;1
66.714;27.433;Lappi;Kemijärvi;Maanmittauslaitos;5
66.714;27.433;Lappi;Kemijärvi;Maistraatit;14
66.714;27.433;Lappi;Kemijärvi;Oikeusapu- ja edunvalvontapiirit;2
66.714;27.433;Lappi;Kemijärvi;Paikallispoliisi;18
66.714;27.433;Lappi;Kemijärvi;Työ- ja elinkeinotoimistot;6
66.714;27.433;Lappi;Kemijärvi;Ulosottovirastot;4
66.714;27.433;Lappi;Kemijärvi;Verohallinto;5
65.801;24.544;Lappi;Keminmaa;Luonnonvarakeskus;3
67.657;24.908;Lappi;Kittilä;Lapin elinkeino-, liikenne- ja ympäristökeskus;1
67.657;24.908;Lappi;Kittilä;Maistraatit;4
67.657;24.908;Lappi;Kittilä;Oikeusapu- ja edunvalvontapiirit;4
67.657;24.908;Lappi;Kittilä;Paikallispoliisi;20
67.657;24.908;Lappi;Kittilä;Työ- ja elinkeinotoimistot;6
67.657;24.908;Lappi;Kittilä;Verohallinto;4
67.331;23.778;Lappi;Kolari;Lapin elinkeino-, liikenne- ja ympäristökeskus;1
67.331;23.778;Lappi;Kolari;Luonnonvarakeskus;7
67.331;23.778;Lappi;Kolari;Paikallispoliisi;4
67.331;23.778;Lappi;Kolari;Työ- ja elinkeinotoimistot;3
67.331;23.778;Lappi;Kolari;Valtion tieto- ja viestintätekniikkakeskus Valtori;1
67.957;23.679;Lappi;Muonio;ELY-keskusten ja TE-toimistojen kehittämis- ja hallintokeskus;1
67.957;23.679;Lappi;Muonio;Oikeusapu- ja edunvalvontapiirit;1
67.957;23.679;Lappi;Muonio;Paikallispoliisi;5
67.957;23.679;Lappi;Muonio;Rajavartiolaitos;13
67.957;23.679;Lappi;Muonio;Tulli;6
67.957;23.679;Lappi;Muonio;Työ- ja elinkeinotoimistot;2
67.957;23.679;Lappi;Muonio;Ulosottovirastot;2
67.957;23.679;Lappi;Muonio;Verohallinto;2
66.775;23.965;Lappi;Pello;Oikeusapu- ja edunvalvontapiirit;2
66.775;23.965;Lappi;Pello;Paikallispoliisi;4
66.775;23.965;Lappi;Pello;Verohallinto;5
66.111;28.167;Lappi;Posio;Paikallispoliisi;6
66.111;28.167;Lappi;Posio;Työ- ja elinkeinotoimistot;2
65.929;26.517;Lappi;Ranua;Paikallispoliisi;6
65.929;26.517;Lappi;Ranua;Työ- ja elinkeinotoimistot;1
66.501;25.735;Lappi;Rovaniemi;ELY-keskusten ja TE-toimistojen kehittämis- ja hallintokeskus;20
66.501;25.735;Lappi;Rovaniemi;Etelä-Savon elinkeino-, liikenne- ja ympäristökeskus;1
66.501;25.735;Lappi;Rovaniemi;Etelä-Suomen aluehallintovirasto;10
66.501;25.735;Lappi;Rovaniemi;Geologian tutkimuskeskus;59
66.501;25.735;Lappi;Rovaniemi;Hovioikeudet;51
66.501;25.735;Lappi;Rovaniemi;Ilmatieteen laitos;14
66.501;25.735;Lappi;Rovaniemi;Kainuun elinkeino-, liikenne- ja ympäristökeskus;1
66.501;25.735;Lappi;Rovaniemi;Keskusrikospoliisi;10
66.501;25.735;Lappi;Rovaniemi;Käräjäoikeudet;34
66.501;25.735;Lappi;Rovaniemi;Lapin aluehallintovirasto;36
66.501;25.735;Lappi;Rovaniemi;Lapin elinkeino-, liikenne- ja ympäristökeskus;159
66.501;25.735;Lappi;Rovaniemi;Liikennevirasto;1
66.501;25.735;Lappi;Rovaniemi;Liikenteen turvallisuusvirasto;93
66.501;25.735;Lappi;Rovaniemi;Luonnonvarakeskus;46
66.501;25.735;Lappi;Rovaniemi;Maahanmuuttovirasto;27
66.501;25.735;Lappi;Rovaniemi;Maanmittauslaitos;64
66.501;25.735;Lappi;Rovaniemi;Maistraatit;14
66.501;25.735;Lappi;Rovaniemi;Oikeusapu- ja edunvalvontapiirit;17
66.501;25.735;Lappi;Rovaniemi;Paikallispoliisi;171
66.501;25.735;Lappi;Rovaniemi;Pirkanmaan elinkeino-, liikenne- ja ympäristökeskus;7
66.501;25.735;Lappi;Rovaniemi;Pohjois-Pohjanmaan elinkeino-, liikenne- ja ympäristökeskus;14
66.501;25.735;Lappi;Rovaniemi;Pohjois-Suomen aluehallintovirasto;5
66.501;25.735;Lappi;Rovaniemi;Poliisihallitus;82
66.501;25.735;Lappi;Rovaniemi;Puolustushallinnon rakennuslaitos;28
66.501;25.735;Lappi;Rovaniemi;Puolustusvoimat;578
66.501;25.735;Lappi;Rovaniemi;Rajavartiolaitos;73
66.501;25.735;Lappi;Rovaniemi;Rikosseuraamuslaitos;4
66.501;25.735;Lappi;Rovaniemi;Sosiaali- ja terveysalan lupa- ja valvontavirasto;19
66.501;25.735;Lappi;Rovaniemi;Suojelupoliisi;4
66.501;25.735;Lappi;Rovaniemi;Suomen ympäristökeskus;1
66.501;25.735;Lappi;Rovaniemi;Syyttäjänvirastot;11
66.501;25.735;Lappi;Rovaniemi;Säteilyturvakeskus;2
66.501;25.735;Lappi;Rovaniemi;Taiteen edistämiskeskus;7
66.501;25.735;Lappi;Rovaniemi;Turvallisuus- ja kemikaalivirasto;11
66.501;25.735;Lappi;Rovaniemi;Työ- ja elinkeinotoimistot;43
66.501;25.735;Lappi;Rovaniemi;Ulosottovirastot;23
66.501;25.735;Lappi;Rovaniemi;Uudenmaan elinkeino-, liikenne- ja ympäristökeskus;3
66.501;25.735;Lappi;Rovaniemi;Valtion tieto- ja viestintätekniikkakeskus Valtori;162
66.501;25.735;Lappi;Rovaniemi;Verohallinto;85
66.833;28.667;Lappi;Salla;ELY-keskusten ja TE-toimistojen kehittämis- ja hallintokeskus;1
66.833;28.667;Lappi;Salla;Paikallispoliisi;4
66.833;28.667;Lappi;Salla;Rajavartiolaitos;70
66.833;28.667;Lappi;Salla;Tulli;10
66.833;28.667;Lappi;Salla;Työ- ja elinkeinotoimistot;2
67.292;28.161;Lappi;Savukoski;Maistraatit;1
67.292;28.161;Lappi;Savukoski;Paikallispoliisi;1
67.292;28.161;Lappi;Savukoski;Työ- ja elinkeinotoimistot;2
67.417;26.593;Lappi;Sodankylä;Ilmatieteen laitos;20
67.417;26.593;Lappi;Sodankylä;Käräjäoikeudet;12
67.417;26.593;Lappi;Sodankylä;Oikeusapu- ja edunvalvontapiirit;4
67.417;26.593;Lappi;Sodankylä;Paikallispoliisi;22
67.417;26.593;Lappi;Sodankylä;Puolustushallinnon rakennuslaitos;34
67.417;26.593;Lappi;Sodankylä;Puolustusvoimat;262
67.417;26.593;Lappi;Sodankylä;Syyttäjänvirastot;2
67.417;26.593;Lappi;Sodankylä;Työ- ja elinkeinotoimistot;6
67.417;26.593;Lappi;Sodankylä;Ulosottovirastot;2
67.417;26.593;Lappi;Sodankylä;Verohallinto;6
66.089;24.811;Lappi;Tervola;Puolustusvoimat;18
65.849;24.147;Lappi;Tornio;Lapin elinkeino-, liikenne- ja ympäristökeskus;1
65.849;24.147;Lappi;Tornio;Maanmittauslaitos;17
65.849;24.147;Lappi;Tornio;Oikeusapu- ja edunvalvontapiirit;3
65.849;24.147;Lappi;Tornio;Paikallispoliisi;33
65.849;24.147;Lappi;Tornio;Tulli;81
65.849;24.147;Lappi;Tornio;Työ- ja elinkeinotoimistot;18
65.849;24.147;Lappi;Tornio;Valtion tieto- ja viestintätekniikkakeskus Valtori;3
69.907;27.024;Lappi;Utsjoki;Ammatilliset koulut;1
69.907;27.024;Lappi;Utsjoki;Luonnonvarakeskus;4
69.907;27.024;Lappi;Utsjoki;Paikallispoliisi;1
69.907;27.024;Lappi;Utsjoki;Tulli;9
66.319;23.671;Lappi;Ylitornio;Paikallispoliisi;4
66.319;23.671;Lappi;Ylitornio;Rikosseuraamuslaitos;19
66.319;23.671;Lappi;Ylitornio;Työ- ja elinkeinotoimistot;3
66.319;23.671;Lappi;Ylitornio;Vankiterveydenhuollon yksikkö;1
61.167;23.868;Pirkanmaa;Akaa;Käräjäoikeudet;1
61.167;23.868;Pirkanmaa;Akaa;Oikeusapu- ja edunvalvontapiirit;3
61.167;23.868;Pirkanmaa;Akaa;Rikosseuraamuslaitos;79
61.167;23.868;Pirkanmaa;Akaa;Työ- ja elinkeinotoimistot;7
61.167;23.868;Pirkanmaa;Akaa;Vankiterveydenhuollon yksikkö;3
61.639;23.197;Pirkanmaa;Hämeenkyrö;Työ- ja elinkeinotoimistot;3
61.769;23.068;Pirkanmaa;Ikaalinen;Käräjäoikeudet;1
61.769;23.068;Pirkanmaa;Ikaalinen;Maanmittauslaitos;14
61.769;23.068;Pirkanmaa;Ikaalinen;Maistraatit;1
61.769;23.068;Pirkanmaa;Ikaalinen;Oikeusapu- ja edunvalvontapiirit;3
61.769;23.068;Pirkanmaa;Ikaalinen;Paikallispoliisi;23
61.769;23.068;Pirkanmaa;Ikaalinen;Ulosottovirastot;5
61.769;23.068;Pirkanmaa;Ikaalinen;Verohallinto;7
61.464;24.072;Pirkanmaa;Kangasala;Elintarviketurvallisuusvirasto;2
61.464;24.072;Pirkanmaa;Kangasala;Käräjäoikeudet;1
61.464;24.072;Pirkanmaa;Kangasala;Paikallispoliisi;38
61.464;24.072;Pirkanmaa;Kangasala;Työ- ja elinkeinotoimistot;4
61.464;24.072;Pirkanmaa;Kangasala;Ulosottovirastot;9
61.314;23.753;Pirkanmaa;Lempäälä;Käräjäoikeudet;1
61.314;23.753;Pirkanmaa;Lempäälä;Paikallispoliisi;1
61.314;23.753;Pirkanmaa;Lempäälä;Työ- ja elinkeinotoimistot;2
62.033;24.617;Pirkanmaa;Mänttä-Vilppula;Käräjäoikeudet;1
62.033;24.617;Pirkanmaa;Mänttä-Vilppula;Maistraatit;6
62.033;24.617;Pirkanmaa;Mänttä-Vilppula;Oikeusapu- ja edunvalvontapiirit;4
62.033;24.617;Pirkanmaa;Mänttä-Vilppula;Paikallispoliisi;5
62.033;24.617;Pirkanmaa;Mänttä-Vilppula;Rikosseuraamuslaitos;30
62.033;24.617;Pirkanmaa;Mänttä-Vilppula;Työ- ja elinkeinotoimistot;2
62.033;24.617;Pirkanmaa;Mänttä-Vilppula;Ulosottovirastot;3
62.033;24.617;Pirkanmaa;Mänttä-Vilppula;Vankiterveydenhuollon yksikkö;1
62.033;24.617;Pirkanmaa;Mänttä-Vilppula;Verohallinto;15
61.478;23.510;Pirkanmaa;Nokia;Käräjäoikeudet;2
61.478;23.510;Pirkanmaa;Nokia;Paikallispoliisi;54
61.478;23.510;Pirkanmaa;Nokia;Työ- ja elinkeinotoimistot;11
61.478;23.510;Pirkanmaa;Nokia;Ulosottovirastot;12
61.678;24.357;Pirkanmaa;Orivesi;Käräjäoikeudet;1
61.678;24.357;Pirkanmaa;Orivesi;Paikallispoliisi;19
61.678;24.357;Pirkanmaa;Orivesi;Työ- ja elinkeinotoimistot;1
62.010;23.025;Pirkanmaa;Parkano;Etelä-Savon elinkeino-, liikenne- ja ympäristökeskus;1
62.010;23.025;Pirkanmaa;Parkano;Luonnonvarakeskus;22
62.010;23.025;Pirkanmaa;Parkano;Puolustusvoimat;22
62.010;23.025;Pirkanmaa;Parkano;Työ- ja elinkeinotoimistot;3
62.010;23.025;Pirkanmaa;Parkano;Valtion tieto- ja viestintätekniikkakeskus Valtori;1
61.465;23.643;Pirkanmaa;Pirkkala;Ilmatieteen laitos;2
61.465;23.643;Pirkanmaa;Pirkkala;Puolustusvoimat;324
61.342;22.908;Pirkanmaa;Sastamala;Elintarviketurvallisuusvirasto;4
61.342;22.908;Pirkanmaa;Sastamala;Oikeusapu- ja edunvalvontapiirit;2
61.342;22.908;Pirkanmaa;Sastamala;Paikallispoliisi;29
61.342;22.908;Pirkanmaa;Sastamala;Työ- ja elinkeinotoimistot;7
61.498;23.761;Pirkanmaa;Tampere;ELY-keskusten ja TE-toimistojen kehittämis- ja hallintokeskus;45
61.498;23.761;Pirkanmaa;Tampere;Etelä-Pohjanmaan elinkeino-, liikenne- ja ympäristökeskus;1
61.498;23.761;Pirkanmaa;Tampere;Etelä-Savon elinkeino-, liikenne- ja ympäristökeskus;1
61.498;23.761;Pirkanmaa;Tampere;Etelä-Suomen aluehallintovirasto;9
61.498;23.761;Pirkanmaa;Tampere;Itä-Suomen aluehallintovirasto;2
61.498;23.761;Pirkanmaa;Tampere;Keski-Suomen elinkeino-, liikenne- ja ympäristökeskus;7
61.498;23.761;Pirkanmaa;Tampere;Keskusrikospoliisi;24
61.498;23.761;Pirkanmaa;Tampere;Konkurssiasiamiehen toimisto;1
61.498;23.761;Pirkanmaa;Tampere;Käräjäoikeudet;139
61.498;23.761;Pirkanmaa;Tampere;Liikennevirasto;43
61.498;23.761;Pirkanmaa;Tampere;Luonnonvarakeskus;1
61.498;23.761;Pirkanmaa;Tampere;Länsi- ja Sisä-Suomen aluehallintovirasto;80
61.498;23.761;Pirkanmaa;Tampere;Maanmittauslaitos;88
61.498;23.761;Pirkanmaa;Tampere;Maaseutuvirasto;3
61.498;23.761;Pirkanmaa;Tampere;Maistraatit;44
61.498;23.761;Pirkanmaa;Tampere;Oikeusapu- ja edunvalvontapiirit;63
61.498;23.761;Pirkanmaa;Tampere;Paikallispoliisi;421
61.498;23.761;Pirkanmaa;Tampere;Pirkanmaan elinkeino-, liikenne- ja ympäristökeskus;196
61.498;23.761;Pirkanmaa;Tampere;Pohjois-Karjalan elinkeino-, liikenne- ja ympäristökeskus;1
61.498;23.761;Pirkanmaa;Tampere;Pohjois-Savon elinkeino-, liikenne- ja ympäristökeskus;1
61.498;23.761;Pirkanmaa;Tampere;Pohjois-Suomen aluehallintovirasto;4
61.498;23.761;Pirkanmaa;Tampere;Poliisiammattikorkeakoulu;195
61.498;23.761;Pirkanmaa;Tampere;Poliisihallitus;3
61.498;23.761;Pirkanmaa;Tampere;Puolustushallinnon rakennuslaitos;59
61.498;23.761;Pirkanmaa;Tampere;Puolustusvoimat;855
61.498;23.761;Pirkanmaa;Tampere;Rikosseuraamuslaitos;45
61.498;23.761;Pirkanmaa;Tampere;Sosiaali- ja terveysministeriö;39
61.498;23.761;Pirkanmaa;Tampere;Suojelupoliisi;6
61.498;23.761;Pirkanmaa;Tampere;Suomen ympäristökeskus;1
61.498;23.761;Pirkanmaa;Tampere;Syyttäjänvirastot;41
61.498;23.761;Pirkanmaa;Tampere;Taiteen edistämiskeskus;4
61.498;23.761;Pirkanmaa;Tampere;Terveyden ja hyvinvoinnin laitos;24
61.498;23.761;Pirkanmaa;Tampere;Tulli;57
61.498;23.761;Pirkanmaa;Tampere;Turvallisuus- ja kemikaalivirasto;75
61.498;23.761;Pirkanmaa;Tampere;Työ- ja elinkeinotoimistot;211
61.498;23.761;Pirkanmaa;Tampere;Ulosottovirastot;58
61.498;23.761;Pirkanmaa;Tampere;Uudenmaan elinkeino-, liikenne- ja ympäristökeskus;5
61.498;23.761;Pirkanmaa;Tampere;Valtion tieto- ja viestintätekniikkakeskus Valtori;32
61.498;23.761;Pirkanmaa;Tampere;Valtioneuvoston kanslia;2
61.498;23.761;Pirkanmaa;Tampere;Varsinais-Suomen elinkeino-, liikenne- ja ympäristökeskus;11
61.498;23.761;Pirkanmaa;Tampere;Verohallinto;310
61.267;24.031;Pirkanmaa;Valkeakoski;Paikallispoliisi;48
61.267;24.031;Pirkanmaa;Valkeakoski;Työ- ja elinkeinotoimistot;4
61.267;24.031;Pirkanmaa;Valkeakoski;Ulosottovirastot;9
62.240;23.771;Pirkanmaa;Virrat;ELY-keskusten ja TE-toimistojen kehittämis- ja hallintokeskus;1
62.240;23.771;Pirkanmaa;Virrat;Etelä-Savon elinkeino-, liikenne- ja ympäristökeskus;1
62.240;23.771;Pirkanmaa;Virrat;Paikallispoliisi;8
62.240;23.771;Pirkanmaa;Virrat;Työ- ja elinkeinotoimistot;9
61.550;23.583;Pirkanmaa;Ylöjärvi;Puolustusvoimat;102
61.550;23.583;Pirkanmaa;Ylöjärvi;Työ- ja elinkeinotoimistot;7
62.385;21.222;Pohjanmaa;Kaskinen;Rajavartiolaitos;2
62.274;21.378;Pohjanmaa;Kristiinankaupunki;Etelä-Savon elinkeino-, liikenne- ja ympäristökeskus;8
62.274;21.378;Pohjanmaa;Kristiinankaupunki;Paikallispoliisi;18
62.274;21.378;Pohjanmaa;Kristiinankaupunki;Ulosottovirastot;1
62.976;22.011;Pohjanmaa;Laihia;Paikallispoliisi;10
63.113;21.678;Pohjanmaa;Mustasaari;Rajavartiolaitos;20
62.474;21.338;Pohjanmaa;Närpiö;Maanmittauslaitos;8
62.474;21.338;Pohjanmaa;Närpiö;Työ- ja elinkeinotoimistot;3
62.474;21.338;Pohjanmaa;Närpiö;Verohallinto;9
63.600;22.794;Pohjanmaa;Pedersören kunta;Valtion koulukodit;25
63.675;22.704;Pohjanmaa;Pietarsaari;Elintarviketurvallisuusvirasto;13
63.675;22.704;Pohjanmaa;Pietarsaari;Maistraatit;8
63.675;22.704;Pohjanmaa;Pietarsaari;Oikeusapu- ja edunvalvontapiirit;11
63.675;22.704;Pohjanmaa;Pietarsaari;Paikallispoliisi;47
63.675;22.704;Pohjanmaa;Pietarsaari;Työ- ja elinkeinotoimistot;20
63.675;22.704;Pohjanmaa;Pietarsaari;Ulosottovirastot;4
63.675;22.704;Pohjanmaa;Pietarsaari;Varsinais-Suomen elinkeino-, liikenne- ja ympäristökeskus;1
63.675;22.704;Pohjanmaa;Pietarsaari;Verohallinto;18
63.096;21.615;Pohjanmaa;Vaasa;ELY-keskusten ja TE-toimistojen kehittämis- ja hallintokeskus;41
63.096;21.615;Pohjanmaa;Vaasa;Etelä-Pohjanmaan elinkeino-, liikenne- ja ympäristökeskus;95
63.096;21.615;Pohjanmaa;Vaasa;Etelä-Suomen aluehallintovirasto;17
63.096;21.615;Pohjanmaa;Vaasa;Hallinto-oikeudet;74
63.096;21.615;Pohjanmaa;Vaasa;Hovioikeudet;61
63.096;21.615;Pohjanmaa;Vaasa;Hätäkeskuslaitos;73
63.096;21.615;Pohjanmaa;Vaasa;Keski-Suomen elinkeino-, liikenne- ja ympäristökeskus;7
63.096;21.615;Pohjanmaa;Vaasa;Keskusrikospoliisi;2
63.096;21.615;Pohjanmaa;Vaasa;Käräjäoikeudet;52
63.096;21.615;Pohjanmaa;Vaasa;Liikennevirasto;12
63.096;21.615;Pohjanmaa;Vaasa;Liikenteen turvallisuusvirasto;6
63.096;21.615;Pohjanmaa;Vaasa;Luonnonvarakeskus;5
63.096;21.615;Pohjanmaa;Vaasa;Länsi- ja Sisä-Suomen aluehallintovirasto;102
63.096;21.615;Pohjanmaa;Vaasa;Maahanmuuttovirasto;22
63.096;21.615;Pohjanmaa;Vaasa;Maakunta-arkistot;7
63.096;21.615;Pohjanmaa;Vaasa;Maanmittauslaitos;76
63.096;21.615;Pohjanmaa;Vaasa;Maistraatit;14
63.096;21.615;Pohjanmaa;Vaasa;Oikeusapu- ja edunvalvontapiirit;22
63.096;21.615;Pohjanmaa;Vaasa;Paikallispoliisi;180
63.096;21.615;Pohjanmaa;Vaasa;Pirkanmaan elinkeino-, liikenne- ja ympäristökeskus;4
63.096;21.615;Pohjanmaa;Vaasa;Pohjanmaan elinkeino-, liikenne- ja ympäristökeskus;48
63.096;21.615;Pohjanmaa;Vaasa;Puolustusvoimat;16
63.096;21.615;Pohjanmaa;Vaasa;Rajavartiolaitos;4
63.096;21.615;Pohjanmaa;Vaasa;Rikosseuraamuslaitos;64
63.096;21.615;Pohjanmaa;Vaasa;Suojelupoliisi;6
63.096;21.615;Pohjanmaa;Vaasa;Syyttäjänvirastot;13
63.096;21.615;Pohjanmaa;Vaasa;Taiteen edistämiskeskus;5
63.096;21.615;Pohjanmaa;Vaasa;Tulli;42
63.096;21.615;Pohjanmaa;Vaasa;Työ- ja elinkeinotoimistot;51
63.096;21.615;Pohjanmaa;Vaasa;Ulosottovirastot;30
63.096;21.615;Pohjanmaa;Vaasa;Uudenmaan elinkeino-, liikenne- ja ympäristökeskus;4
63.096;21.615;Pohjanmaa;Vaasa;Valtion mielisairaalat;245
63.096;21.615;Pohjanmaa;Vaasa;Valtion tieto- ja viestintätekniikkakeskus Valtori;21
63.096;21.615;Pohjanmaa;Vaasa;Vankiterveydenhuollon yksikkö;1
63.096;21.615;Pohjanmaa;Vaasa;Varsinais-Suomen elinkeino-, liikenne- ja ympäristökeskus;11
63.096;21.615;Pohjanmaa;Vaasa;Verohallinto;254
62.672;30.931;Pohjois-Karjala;Ilomantsi;Oikeusapu- ja edunvalvontapiirit;2
62.672;30.931;Pohjois-Karjala;Ilomantsi;Paikallispoliisi;3
62.672;30.931;Pohjois-Karjala;Ilomantsi;Rajavartiolaitos;28
62.672;30.931;Pohjois-Karjala;Ilomantsi;Työ- ja elinkeinotoimistot;1
62.672;30.931;Pohjois-Karjala;Ilomantsi;Verohallinto;1
62.600;29.764;Pohjois-Karjala;Joensuu;ELY-keskusten ja TE-toimistojen kehittämis- ja hallintokeskus;20
62.600;29.764;Pohjois-Karjala;Joensuu;Elintarviketurvallisuusvirasto;1
62.600;29.764;Pohjois-Karjala;Joensuu;Etelä-Pohjanmaan elinkeino-, liikenne- ja ympäristökeskus;1
62.600;29.764;Pohjois-Karjala;Joensuu;Etelä-Savon elinkeino-, liikenne- ja ympäristökeskus;9
62.600;29.764;Pohjois-Karjala;Joensuu;Etelä-Suomen aluehallintovirasto;7
62.600;29.764;Pohjois-Karjala;Joensuu;Itä-Suomen aluehallintovirasto;29
62.600;29.764;Pohjois-Karjala;Joensuu;Kansallisarkisto;1
62.600;29.764;Pohjois-Karjala;Joensuu;Keski-Suomen elinkeino-, liikenne- ja ympäristökeskus;2
62.600;29.764;Pohjois-Karjala;Joensuu;Keskusrikospoliisi;19
62.600;29.764;Pohjois-Karjala;Joensuu;Käräjäoikeudet;47
62.600;29.764;Pohjois-Karjala;Joensuu;Luonnonvarakeskus;84
62.600;29.764;Pohjois-Karjala;Joensuu;Maakunta-arkistot;7
62.600;29.764;Pohjois-Karjala;Joensuu;Maanmittauslaitos;47
62.600;29.764;Pohjois-Karjala;Joensuu;Maistraatit;22
62.600;29.764;Pohjois-Karjala;Joensuu;Oikeusapu- ja edunvalvontapiirit;35
62.600;29.764;Pohjois-Karjala;Joensuu;Paikallispoliisi;178
62.600;29.764;Pohjois-Karjala;Joensuu;Pirkanmaan elinkeino-, liikenne- ja ympäristökeskus;6
62.600;29.764;Pohjois-Karjala;Joensuu;Pohjois-Karjalan elinkeino-, liikenne- ja ympäristökeskus;80
62.600;29.764;Pohjois-Karjala;Joensuu;Pohjois-Savon elinkeino-, liikenne- ja ympäristökeskus;5
62.600;29.764;Pohjois-Karjala;Joensuu;Puolustushallinnon rakennuslaitos;1
62.600;29.764;Pohjois-Karjala;Joensuu;Puolustusvoimat;147
62.600;29.764;Pohjois-Karjala;Joensuu;Rajavartiolaitos;1
62.600;29.764;Pohjois-Karjala;Joensuu;Rikosseuraamuslaitos;71
62.600;29.764;Pohjois-Karjala;Joensuu;Suojelupoliisi;3
62.600;29.764;Pohjois-Karjala;Joensuu;Suomen ympäristökeskus;13
62.600;29.764;Pohjois-Karjala;Joensuu;Syyttäjänvirastot;11
62.600;29.764;Pohjois-Karjala;Joensuu;Taiteen edistämiskeskus;5
62.600;29.764;Pohjois-Karjala;Joensuu;Tulli;9
62.600;29.764;Pohjois-Karjala;Joensuu;Työ- ja elinkeinotoimistot;70
62.600;29.764;Pohjois-Karjala;Joensuu;Ulosottovirastot;32
62.600;29.764;Pohjois-Karjala;Joensuu;Uudenmaan elinkeino-, liikenne- ja ympäristökeskus;1
62.600;29.764;Pohjois-Karjala;Joensuu;Valtiokonttori;1
62.600;29.764;Pohjois-Karjala;Joensuu;Valtion talous- ja henkilöstöhallinnon palvelukeskus;225
62.600;29.764;Pohjois-Karjala;Joensuu;Valtion tieto- ja viestintätekniikkakeskus Valtori;19
62.600;29.764;Pohjois-Karjala;Joensuu;Vankiterveydenhuollon yksikkö;4
62.600;29.764;Pohjois-Karjala;Joensuu;Verohallinto;96
63.242;29.253;Pohjois-Karjala;Juuka;Rikosseuraamuslaitos;18
62.099;30.138;Pohjois-Karjala;Kitee;Oikeusapu- ja edunvalvontapiirit;5
62.099;30.138;Pohjois-Karjala;Kitee;Paikallispoliisi;9
62.099;30.138;Pohjois-Karjala;Kitee;Työ- ja elinkeinotoimistot;7
62.767;29.850;Pohjois-Karjala;Kontiolahti;Rajavartiolaitos;87
63.318;30.025;Pohjois-Karjala;Lieksa;ELY-keskusten ja TE-toimistojen kehittämis- ja hallintokeskus;1
63.318;30.025;Pohjois-Karjala;Lieksa;Etelä-Savon elinkeino-, liikenne- ja ympäristökeskus;2
63.318;30.025;Pohjois-Karjala;Lieksa;Oikeusapu- ja edunvalvontapiirit;5
63.318;30.025;Pohjois-Karjala;Lieksa;Paikallispoliisi;17
63.318;30.025;Pohjois-Karjala;Lieksa;Rajavartiolaitos;32
63.318;30.025;Pohjois-Karjala;Lieksa;Työ- ja elinkeinotoimistot;9
63.318;30.025;Pohjois-Karjala;Lieksa;Verohallinto;10
62.532;29.385;Pohjois-Karjala;Liperi;Paikallispoliisi;2
62.532;29.385;Pohjois-Karjala;Liperi;Puolustusvoimat;7
63.544;29.133;Pohjois-Karjala;Nurmes;ELY-keskusten ja TE-toimistojen kehittämis- ja hallintokeskus;2
63.544;29.133;Pohjois-Karjala;Nurmes;Maanmittauslaitos;5
63.544;29.133;Pohjois-Karjala;Nurmes;Oikeusapu- ja edunvalvontapiirit;4
63.544;29.133;Pohjois-Karjala;Nurmes;Paikallispoliisi;19
63.544;29.133;Pohjois-Karjala;Nurmes;Työ- ja elinkeinotoimistot;8
63.544;29.133;Pohjois-Karjala;Nurmes;Ulosottovirastot;4
63.544;29.133;Pohjois-Karjala;Nurmes;Verohallinto;10
62.725;29.018;Pohjois-Karjala;Outokumpu;Elintarviketurvallisuusvirasto;6
62.725;29.018;Pohjois-Karjala;Outokumpu;Geologian tutkimuskeskus;35
62.725;29.018;Pohjois-Karjala;Outokumpu;Paikallispoliisi;3
62.725;29.018;Pohjois-Karjala;Outokumpu;Valtion tieto- ja viestintätekniikkakeskus Valtori;1
62.226;30.332;Pohjois-Karjala;Tohmajärvi;Rajavartiolaitos;121
62.226;30.332;Pohjois-Karjala;Tohmajärvi;Tulli;27
63.749;25.318;Pohjois-Pohjanmaa;Haapajärvi;Oikeusapu- ja edunvalvontapiirit;11
63.749;25.318;Pohjois-Pohjanmaa;Haapajärvi;Paikallispoliisi;29
63.749;25.318;Pohjois-Pohjanmaa;Haapajärvi;Puolustushallinnon rakennuslaitos;14
63.749;25.318;Pohjois-Pohjanmaa;Haapajärvi;Puolustusvoimat;87
63.749;25.318;Pohjois-Pohjanmaa;Haapajärvi;Työ- ja elinkeinotoimistot;8
63.749;25.318;Pohjois-Pohjanmaa;Haapajärvi;Ulosottovirastot;5
63.749;25.318;Pohjois-Pohjanmaa;Haapajärvi;Verohallinto;11
64.138;25.367;Pohjois-Pohjanmaa;Haapavesi;Paikallispoliisi;12
64.260;23.949;Pohjois-Pohjanmaa;Kalajoki;Paikallispoliisi;11
64.260;23.949;Pohjois-Pohjanmaa;Kalajoki;Rajavartiolaitos;4
65.967;29.183;Pohjois-Pohjanmaa;Kuusamo;Etelä-Savon elinkeino-, liikenne- ja ympäristökeskus;19
65.967;29.183;Pohjois-Pohjanmaa;Kuusamo;Käräjäoikeudet;6
65.967;29.183;Pohjois-Pohjanmaa;Kuusamo;Lapin elinkeino-, liikenne- ja ympäristökeskus;1
65.967;29.183;Pohjois-Pohjanmaa;Kuusamo;Luonnonvarakeskus;2
65.967;29.183;Pohjois-Pohjanmaa;Kuusamo;Maanmittauslaitos;19
65.967;29.183;Pohjois-Pohjanmaa;Kuusamo;Oikeusapu- ja edunvalvontapiirit;6
65.967;29.183;Pohjois-Pohjanmaa;Kuusamo;Paikallispoliisi;37
65.967;29.183;Pohjois-Pohjanmaa;Kuusamo;Rajavartiolaitos;58
65.967;29.183;Pohjois-Pohjanmaa;Kuusamo;Rikosseuraamuslaitos;1
65.967;29.183;Pohjois-Pohjanmaa;Kuusamo;Syyttäjänvirastot;1
65.967;29.183;Pohjois-Pohjanmaa;Kuusamo;Tulli;8
65.967;29.183;Pohjois-Pohjanmaa;Kuusamo;Työ- ja elinkeinotoimistot;6
65.967;29.183;Pohjois-Pohjanmaa;Kuusamo;Ulosottovirastot;6
65.967;29.183;Pohjois-Pohjanmaa;Kuusamo;Valtion tieto- ja viestintätekniikkakeskus Valtori;1
65.967;29.183;Pohjois-Pohjanmaa;Kuusamo;Verohallinto;12
64.810;25.415;Pohjois-Pohjanmaa;Liminka;Paikallispoliisi;17
64.810;25.415;Pohjois-Pohjanmaa;Liminka;Valtion koulukodit;71
64.807;25.994;Pohjois-Pohjanmaa;Muhos;Paikallispoliisi;13
64.267;24.817;Pohjois-Pohjanmaa;Oulainen;Lapin elinkeino-, liikenne- ja ympäristökeskus;1
65.017;25.467;Pohjois-Pohjanmaa;Oulu;ELY-keskusten ja TE-toimistojen kehittämis- ja hallintokeskus;38
65.017;25.467;Pohjois-Pohjanmaa;Oulu;Elintarviketurvallisuusvirasto;20
65.017;25.467;Pohjois-Pohjanmaa;Oulu;Etelä-Savon elinkeino-, liikenne- ja ympäristökeskus;1
65.017;25.467;Pohjois-Pohjanmaa;Oulu;Etelä-Suomen aluehallintovirasto;17
65.017;25.467;Pohjois-Pohjanmaa;Oulu;Hallinto-oikeudet;43
65.017;25.467;Pohjois-Pohjanmaa;Oulu;Hätäkeskuslaitos;82
65.017;25.467;Pohjois-Pohjanmaa;Oulu;Kansallisarkisto;1
65.017;25.467;Pohjois-Pohjanmaa;Oulu;Keskusrikospoliisi;24
65.017;25.467;Pohjois-Pohjanmaa;Oulu;Käräjäoikeudet;86
65.017;25.467;Pohjois-Pohjanmaa;Oulu;Lapin elinkeino-, liikenne- ja ympäristökeskus;8
65.017;25.467;Pohjois-Pohjanmaa;Oulu;Liikennevirasto;12
65.017;25.467;Pohjois-Pohjanmaa;Oulu;Liikenteen turvallisuusvirasto;3
65.017;25.467;Pohjois-Pohjanmaa;Oulu;Luonnonvarakeskus;59
65.017;25.467;Pohjois-Pohjanmaa;Oulu;Maahanmuuttovirasto;77
65.017;25.467;Pohjois-Pohjanmaa;Oulu;Maakunta-arkistot;18
65.017;25.467;Pohjois-Pohjanmaa;Oulu;Maanmittauslaitos;84
65.017;25.467;Pohjois-Pohjanmaa;Oulu;Maistraatit;32
65.017;25.467;Pohjois-Pohjanmaa;Oulu;Oikeusapu- ja edunvalvontapiirit;51
65.017;25.467;Pohjois-Pohjanmaa;Oulu;Paikallispoliisi;373
65.017;25.467;Pohjois-Pohjanmaa;Oulu;Pakolaist ja turvapaik hak vastaano;54
65.017;25.467;Pohjois-Pohjanmaa;Oulu;Pirkanmaan elinkeino-, liikenne- ja ympäristökeskus;13
65.017;25.467;Pohjois-Pohjanmaa;Oulu;Pohjois-Karjalan elinkeino-, liikenne- ja ympäristökeskus;1
65.017;25.467;Pohjois-Pohjanmaa;Oulu;Pohjois-Pohjanmaan elinkeino-, liikenne- ja ympäristökeskus;177
65.017;25.467;Pohjois-Pohjanmaa;Oulu;Pohjois-Suomen aluehallintovirasto;119
65.017;25.467;Pohjois-Pohjanmaa;Oulu;Poliisihallitus;1
65.017;25.467;Pohjois-Pohjanmaa;Oulu;Puolustushallinnon rakennuslaitos;3
65.017;25.467;Pohjois-Pohjanmaa;Oulu;Puolustusvoimat;19
65.017;25.467;Pohjois-Pohjanmaa;Oulu;Rajavartiolaitos;16
65.017;25.467;Pohjois-Pohjanmaa;Oulu;Rikosseuraamuslaitos;98
65.017;25.467;Pohjois-Pohjanmaa;Oulu;Suojelupoliisi;8
65.017;25.467;Pohjois-Pohjanmaa;Oulu;Suomen ympäristökeskus;30
65.017;25.467;Pohjois-Pohjanmaa;Oulu;Syyttäjänvirastot;24
65.017;25.467;Pohjois-Pohjanmaa;Oulu;Taiteen edistämiskeskus;5
65.017;25.467;Pohjois-Pohjanmaa;Oulu;Terveyden ja hyvinvoinnin laitos;23
65.017;25.467;Pohjois-Pohjanmaa;Oulu;Tulli;31
65.017;25.467;Pohjois-Pohjanmaa;Oulu;Työ- ja elinkeinotoimistot;133
65.017;25.467;Pohjois-Pohjanmaa;Oulu;Ulosottovirastot;48
65.017;25.467;Pohjois-Pohjanmaa;Oulu;Uudenmaan elinkeino-, liikenne- ja ympäristökeskus;4
65.017;25.467;Pohjois-Pohjanmaa;Oulu;Valtion tieto- ja viestintätekniikkakeskus Valtori;30
65.017;25.467;Pohjois-Pohjanmaa;Oulu;Valtiontalouden tarkastusvirasto;7
65.017;25.467;Pohjois-Pohjanmaa;Oulu;Vankiterveydenhuollon yksikkö;4
65.017;25.467;Pohjois-Pohjanmaa;Oulu;Verohallinto;338
65.017;25.467;Pohjois-Pohjanmaa;Oulu;Yleissivistävät koulut;118
65.360;26.997;Pohjois-Pohjanmaa;Pudasjärvi;Maistraatit;1
65.360;26.997;Pohjois-Pohjanmaa;Pudasjärvi;Paikallispoliisi;17
65.360;26.997;Pohjois-Pohjanmaa;Pudasjärvi;Pakolaist ja turvapaik hak vastaano;16
65.360;26.997;Pohjois-Pohjanmaa;Pudasjärvi;Työ- ja elinkeinotoimistot;6
65.360;26.997;Pohjois-Pohjanmaa;Pudasjärvi;Ulosottovirastot;1
65.360;26.997;Pohjois-Pohjanmaa;Pudasjärvi;Verohallinto;2
64.685;24.479;Pohjois-Pohjanmaa;Raahe;ELY-keskusten ja TE-toimistojen kehittämis- ja hallintokeskus;2
64.685;24.479;Pohjois-Pohjanmaa;Raahe;Käräjäoikeudet;14
64.685;24.479;Pohjois-Pohjanmaa;Raahe;Maistraatit;8
64.685;24.479;Pohjois-Pohjanmaa;Raahe;Oikeusapu- ja edunvalvontapiirit;5
64.685;24.479;Pohjois-Pohjanmaa;Raahe;Paikallispoliisi;53
64.685;24.479;Pohjois-Pohjanmaa;Raahe;Syyttäjänvirastot;2
64.685;24.479;Pohjois-Pohjanmaa;Raahe;Työ- ja elinkeinotoimistot;18
64.685;24.479;Pohjois-Pohjanmaa;Raahe;Ulosottovirastot;13
64.685;24.479;Pohjois-Pohjanmaa;Raahe;Valtion tieto- ja viestintätekniikkakeskus Valtori;1
64.685;24.479;Pohjois-Pohjanmaa;Raahe;Verohallinto;12
64.814;24.763;Pohjois-Pohjanmaa;Siikajoki;Luonnonvarakeskus;17
64.814;24.763;Pohjois-Pohjanmaa;Siikajoki;Puolustusvoimat;2
64.267;25.867;Pohjois-Pohjanmaa;Siikalatva;Rikosseuraamuslaitos;29
64.267;25.867;Pohjois-Pohjanmaa;Siikalatva;Vankiterveydenhuollon yksikkö;1
64.267;25.867;Pohjois-Pohjanmaa;Siikalatva;Verohallinto;2
65.576;28.242;Pohjois-Pohjanmaa;Taivalkoski;Luonnonvarakeskus;17
65.576;28.242;Pohjois-Pohjanmaa;Taivalkoski;Paikallispoliisi;5
65.576;28.242;Pohjois-Pohjanmaa;Taivalkoski;Puolustusvoimat;3
64.072;24.538;Pohjois-Pohjanmaa;Ylivieska;ELY-keskusten ja TE-toimistojen kehittämis- ja hallintokeskus;1
64.072;24.538;Pohjois-Pohjanmaa;Ylivieska;Käräjäoikeudet;22
64.072;24.538;Pohjois-Pohjanmaa;Ylivieska;Liikennevirasto;1
64.072;24.538;Pohjois-Pohjanmaa;Ylivieska;Maanmittauslaitos;38
64.072;24.538;Pohjois-Pohjanmaa;Ylivieska;Maistraatit;6
64.072;24.538;Pohjois-Pohjanmaa;Ylivieska;Oikeusapu- ja edunvalvontapiirit;9
64.072;24.538;Pohjois-Pohjanmaa;Ylivieska;Paikallispoliisi;47
64.072;24.538;Pohjois-Pohjanmaa;Ylivieska;Pohjois-Pohjanmaan elinkeino-, liikenne- ja ympäristökeskus;16
64.072;24.538;Pohjois-Pohjanmaa;Ylivieska;Pohjois-Suomen aluehallintovirasto;3
64.072;24.538;Pohjois-Pohjanmaa;Ylivieska;Syyttäjänvirastot;6
64.072;24.538;Pohjois-Pohjanmaa;Ylivieska;Työ- ja elinkeinotoimistot;18
64.072;24.538;Pohjois-Pohjanmaa;Ylivieska;Ulosottovirastot;6
64.072;24.538;Pohjois-Pohjanmaa;Ylivieska;Valtion tieto- ja viestintätekniikkakeskus Valtori;2
64.072;24.538;Pohjois-Pohjanmaa;Ylivieska;Verohallinto;22
63.561;27.189;Pohjois-Savo;Iisalmi;ELY-keskusten ja TE-toimistojen kehittämis- ja hallintokeskus;1
63.561;27.189;Pohjois-Savo;Iisalmi;Itä-Suomen aluehallintovirasto;1
63.561;27.189;Pohjois-Savo;Iisalmi;Keski-Suomen elinkeino-, liikenne- ja ympäristökeskus;1
63.561;27.189;Pohjois-Savo;Iisalmi;Käräjäoikeudet;20
63.561;27.189;Pohjois-Savo;Iisalmi;Maanmittauslaitos;16
63.561;27.189;Pohjois-Savo;Iisalmi;Maistraatit;8
63.561;27.189;Pohjois-Savo;Iisalmi;Oikeusapu- ja edunvalvontapiirit;18
63.561;27.189;Pohjois-Savo;Iisalmi;Paikallispoliisi;64
63.561;27.189;Pohjois-Savo;Iisalmi;Rikosseuraamuslaitos;4
63.561;27.189;Pohjois-Savo;Iisalmi;Syyttäjänvirastot;2
63.561;27.189;Pohjois-Savo;Iisalmi;Työ- ja elinkeinotoimistot;29
63.561;27.189;Pohjois-Savo;Iisalmi;Ulosottovirastot;13
63.561;27.189;Pohjois-Savo;Iisalmi;Valtion tieto- ja viestintätekniikkakeskus Valtori;2
63.561;27.189;Pohjois-Savo;Iisalmi;Verohallinto;28
63.064;28.328;Pohjois-Savo;Juankoski;Käräjäoikeudet;1
63.064;28.328;Pohjois-Savo;Juankoski;Paikallispoliisi;12
62.893;27.678;Pohjois-Savo;Kuopio;ELY-keskusten ja TE-toimistojen kehittämis- ja hallintokeskus;32
62.893;27.678;Pohjois-Savo;Kuopio;Elintarviketurvallisuusvirasto;23
62.893;27.678;Pohjois-Savo;Kuopio;Etelä-Pohjanmaan elinkeino-, liikenne- ja ympäristökeskus;1
62.893;27.678;Pohjois-Savo;Kuopio;Etelä-Savon elinkeino-, liikenne- ja ympäristökeskus;9
62.893;27.678;Pohjois-Savo;Kuopio;Etelä-Suomen aluehallintovirasto;9
62.893;27.678;Pohjois-Savo;Kuopio;Geologian tutkimuskeskus;98
62.893;27.678;Pohjois-Savo;Kuopio;Hallinto-oikeudet;53
62.893;27.678;Pohjois-Savo;Kuopio;Hovioikeudet;58
62.893;27.678;Pohjois-Savo;Kuopio;Hätäkeskuslaitos;90
62.893;27.678;Pohjois-Savo;Kuopio;Ilmatieteen laitos;26
62.893;27.678;Pohjois-Savo;Kuopio;Itä-Suomen aluehallintovirasto;62
62.893;27.678;Pohjois-Savo;Kuopio;Keski-Suomen elinkeino-, liikenne- ja ympäristökeskus;10
62.893;27.678;Pohjois-Savo;Kuopio;Keskusrikospoliisi;1
62.893;27.678;Pohjois-Savo;Kuopio;Käräjäoikeudet;50
62.893;27.678;Pohjois-Savo;Kuopio;Liikennevirasto;1
62.893;27.678;Pohjois-Savo;Kuopio;Luonnonvarakeskus;35
62.893;27.678;Pohjois-Savo;Kuopio;Lääkealan turvallisuus- ja kehittämiskeskus ;51
62.893;27.678;Pohjois-Savo;Kuopio;Maanmittauslaitos;41
62.893;27.678;Pohjois-Savo;Kuopio;Maistraatit;24
62.893;27.678;Pohjois-Savo;Kuopio;Oikeusapu- ja edunvalvontapiirit;37
62.893;27.678;Pohjois-Savo;Kuopio;Paikallispoliisi;263
62.893;27.678;Pohjois-Savo;Kuopio;Pelastushallinto;122
62.893;27.678;Pohjois-Savo;Kuopio;Pirkanmaan elinkeino-, liikenne- ja ympäristökeskus;5
62.893;27.678;Pohjois-Savo;Kuopio;Pohjois-Savon elinkeino-, liikenne- ja ympäristökeskus;116
62.893;27.678;Pohjois-Savo;Kuopio;Puolustushallinnon rakennuslaitos;22
62.893;27.678;Pohjois-Savo;Kuopio;Puolustusvoimat;83
62.893;27.678;Pohjois-Savo;Kuopio;Rikosseuraamuslaitos;120
62.893;27.678;Pohjois-Savo;Kuopio;Suojelupoliisi;1
62.893;27.678;Pohjois-Savo;Kuopio;Syyttäjänvirastot;15
62.893;27.678;Pohjois-Savo;Kuopio;Taiteen edistämiskeskus;7
62.893;27.678;Pohjois-Savo;Kuopio;Terveyden ja hyvinvoinnin laitos;82
62.893;27.678;Pohjois-Savo;Kuopio;Tulli;5
62.893;27.678;Pohjois-Savo;Kuopio;Työ- ja elinkeinotoimistot;71
62.893;27.678;Pohjois-Savo;Kuopio;Ulosottovirastot;33
62.893;27.678;Pohjois-Savo;Kuopio;Uudenmaan elinkeino-, liikenne- ja ympäristökeskus;2
62.893;27.678;Pohjois-Savo;Kuopio;Valtiokonttori;1
62.893;27.678;Pohjois-Savo;Kuopio;Valtion mielisairaalat;561
62.893;27.678;Pohjois-Savo;Kuopio;Valtion tieto- ja viestintätekniikkakeskus Valtori;33
62.893;27.678;Pohjois-Savo;Kuopio;Vankiterveydenhuollon yksikkö;5
62.893;27.678;Pohjois-Savo;Kuopio;Varastokirjasto;20
62.893;27.678;Pohjois-Savo;Kuopio;Verohallinto;257
62.893;27.678;Pohjois-Savo;Kuopio;Yleissivistävät koulut;67
63.232;26.756;Pohjois-Savo;Pielavesi;Puolustushallinnon rakennuslaitos;1
63.232;26.756;Pohjois-Savo;Pielavesi;Puolustusvoimat;23
63.075;27.660;Pohjois-Savo;Siilinjärvi;Puolustushallinnon rakennuslaitos;3
63.075;27.660;Pohjois-Savo;Siilinjärvi;Puolustusvoimat;405
63.075;27.660;Pohjois-Savo;Siilinjärvi;Työ- ja elinkeinotoimistot;7
63.669;27.522;Pohjois-Savo;Sonkajärvi;Rikosseuraamuslaitos;120
63.669;27.522;Pohjois-Savo;Sonkajärvi;Valtion tieto- ja viestintätekniikkakeskus Valtori;1
63.669;27.522;Pohjois-Savo;Sonkajärvi;Vankiterveydenhuollon yksikkö;4
62.625;27.122;Pohjois-Savo;Suonenjoki;Käräjäoikeudet;1
62.625;27.122;Pohjois-Savo;Suonenjoki;Luonnonvarakeskus;26
62.625;27.122;Pohjois-Savo;Suonenjoki;Oikeusapu- ja edunvalvontapiirit;8
62.625;27.122;Pohjois-Savo;Suonenjoki;Paikallispoliisi;11
62.956;26.756;Pohjois-Savo;Tervo;Luonnonvarakeskus;10
62.314;27.893;Pohjois-Savo;Varkaus;ELY-keskusten ja TE-toimistojen kehittämis- ja hallintokeskus;1
62.314;27.893;Pohjois-Savo;Varkaus;Itä-Suomen aluehallintovirasto;2
62.314;27.893;Pohjois-Savo;Varkaus;Käräjäoikeudet;13
62.314;27.893;Pohjois-Savo;Varkaus;Maistraatit;3
62.314;27.893;Pohjois-Savo;Varkaus;Oikeusapu- ja edunvalvontapiirit;9
62.314;27.893;Pohjois-Savo;Varkaus;Paikallispoliisi;46
62.314;27.893;Pohjois-Savo;Varkaus;Työ- ja elinkeinotoimistot;17
62.314;27.893;Pohjois-Savo;Varkaus;Ulosottovirastot;11
62.314;27.893;Pohjois-Savo;Varkaus;Verohallinto;21
61.579;26.021;Päijät-Häme;Hartola;Puolustusvoimat;26
61.203;26.032;Päijät-Häme;Heinola;Paikallispoliisi;20
61.203;26.032;Päijät-Häme;Heinola;Työ- ja elinkeinotoimistot;13
60.983;25.656;Päijät-Häme;Lahti;Asumisen rahoit. ja kehitt.keskus;55
60.983;25.656;Päijät-Häme;Lahti;ELY-keskusten ja TE-toimistojen kehittämis- ja hallintokeskus;22
60.983;25.656;Päijät-Häme;Lahti;Etelä-Savon elinkeino-, liikenne- ja ympäristökeskus;2
60.983;25.656;Päijät-Häme;Lahti;Etelä-Suomen aluehallintovirasto;15
60.983;25.656;Päijät-Häme;Lahti;Hämeen elinkeino-, liikenne- ja ympäristökeskus;56
60.983;25.656;Päijät-Häme;Lahti;Itä-Suomen aluehallintovirasto;1
60.983;25.656;Päijät-Häme;Lahti;Käräjäoikeudet;73
60.983;25.656;Päijät-Häme;Lahti;Maanmittauslaitos;33
60.983;25.656;Päijät-Häme;Lahti;Maistraatit;24
60.983;25.656;Päijät-Häme;Lahti;Oikeusapu- ja edunvalvontapiirit;32
60.983;25.656;Päijät-Häme;Lahti;Paikallispoliisi;285
60.983;25.656;Päijät-Häme;Lahti;Pirkanmaan elinkeino-, liikenne- ja ympäristökeskus;5
60.983;25.656;Päijät-Häme;Lahti;Puolustushallinnon rakennuslaitos;3
60.983;25.656;Päijät-Häme;Lahti;Puolustusvoimat;13
60.983;25.656;Päijät-Häme;Lahti;Rikosseuraamuslaitos;12
60.983;25.656;Päijät-Häme;Lahti;Syyttäjänvirastot;18
60.983;25.656;Päijät-Häme;Lahti;Tulli;11
60.983;25.656;Päijät-Häme;Lahti;Työ- ja elinkeinotoimistot;117
60.983;25.656;Päijät-Häme;Lahti;Ulosottovirastot;45
60.983;25.656;Päijät-Häme;Lahti;Valtion tieto- ja viestintätekniikkakeskus Valtori;9
60.983;25.656;Päijät-Häme;Lahti;Verohallinto;98
60.804;25.733;Päijät-Häme;Orimattila;Elintarviketurvallisuusvirasto;2
60.804;25.733;Päijät-Häme;Orimattila;Museovirasto;4
60.804;25.733;Päijät-Häme;Orimattila;Paikallispoliisi;3
60.804;25.733;Päijät-Häme;Orimattila;Puolustusvoimat;7
61.201;21.731;Satakunta;Eurajoki;Elintarviketurvallisuusvirasto;4
61.201;21.731;Satakunta;Eurajoki;Säteilyturvakeskus;4
61.314;22.142;Satakunta;Harjavalta;Työ- ja elinkeinotoimistot;20
61.176;22.699;Satakunta;Huittinen;Maanmittauslaitos;13
61.176;22.699;Satakunta;Huittinen;Paikallispoliisi;4
61.176;22.699;Satakunta;Huittinen;Rikosseuraamuslaitos;46
61.176;22.699;Satakunta;Huittinen;Ulosottovirastot;9
61.176;22.699;Satakunta;Huittinen;Valtion tieto- ja viestintätekniikkakeskus Valtori;1
61.176;22.699;Satakunta;Huittinen;Vankiterveydenhuollon yksikkö;1
61.804;22.394;Satakunta;Kankaanpää;ELY-keskusten ja TE-toimistojen kehittämis- ja hallintokeskus;1
61.804;22.394;Satakunta;Kankaanpää;Oikeusapu- ja edunvalvontapiirit;8
61.804;22.394;Satakunta;Kankaanpää;Paikallispoliisi;23
61.804;22.394;Satakunta;Kankaanpää;Puolustushallinnon rakennuslaitos;28
61.804;22.394;Satakunta;Kankaanpää;Puolustusvoimat;286
61.804;22.394;Satakunta;Kankaanpää;Työ- ja elinkeinotoimistot;12
61.804;22.394;Satakunta;Kankaanpää;Ulosottovirastot;4
61.256;22.349;Satakunta;Kokemäki;Oikeusapu- ja edunvalvontapiirit;3
61.256;22.349;Satakunta;Kokemäki;Paikallispoliisi;24
61.485;21.797;Satakunta;Pori;ELY-keskusten ja TE-toimistojen kehittämis- ja hallintokeskus;9
61.485;21.797;Satakunta;Pori;Hätäkeskuslaitos;102
61.485;21.797;Satakunta;Pori;Keski-Suomen elinkeino-, liikenne- ja ympäristökeskus;2
61.485;21.797;Satakunta;Pori;Käräjäoikeudet;62
61.485;21.797;Satakunta;Pori;Lounais-Suomen aluehallintovirasto;21
61.485;21.797;Satakunta;Pori;Maanmittauslaitos;36
61.485;21.797;Satakunta;Pori;Maaseutuvirasto;2
61.485;21.797;Satakunta;Pori;Maistraatit;24
61.485;21.797;Satakunta;Pori;Oikeusapu- ja edunvalvontapiirit;26
61.485;21.797;Satakunta;Pori;Paikallispoliisi;205
61.485;21.797;Satakunta;Pori;Pirkanmaan elinkeino-, liikenne- ja ympäristökeskus;5
61.485;21.797;Satakunta;Pori;Pohjois-Karjalan elinkeino-, liikenne- ja ympäristökeskus;1
61.485;21.797;Satakunta;Pori;Rajavartiolaitos;15
61.485;21.797;Satakunta;Pori;Rikosseuraamuslaitos;10
61.485;21.797;Satakunta;Pori;Satakunnan elinkeino-, liikenne- ja ympäristökeskus;43
61.485;21.797;Satakunta;Pori;Sosiaali- ja terveysministeriö;1
61.485;21.797;Satakunta;Pori;Syyttäjänvirastot;17
61.485;21.797;Satakunta;Pori;Taiteen edistämiskeskus;4
61.485;21.797;Satakunta;Pori;Tulli;18
61.485;21.797;Satakunta;Pori;Työ- ja elinkeinotoimistot;68
61.485;21.797;Satakunta;Pori;Ulosottovirastot;33
61.485;21.797;Satakunta;Pori;Uudenmaan elinkeino-, liikenne- ja ympäristökeskus;1
61.485;21.797;Satakunta;Pori;Valtion talous- ja henkilöstöhallinnon palvelukeskus;56
61.485;21.797;Satakunta;Pori;Valtion tieto- ja viestintätekniikkakeskus Valtori;13
61.485;21.797;Satakunta;Pori;Varsinais-Suomen elinkeino-, liikenne- ja ympäristökeskus;10
61.485;21.797;Satakunta;Pori;Verohallinto;84
61.129;21.506;Satakunta;Rauma;Käräjäoikeudet;3
61.129;21.506;Satakunta;Rauma;Maistraatit;8
61.129;21.506;Satakunta;Rauma;Oikeusapu- ja edunvalvontapiirit;13
61.129;21.506;Satakunta;Rauma;Paikallispoliisi;70
61.129;21.506;Satakunta;Rauma;Rajavartiolaitos;9
61.129;21.506;Satakunta;Rauma;Tulli;7
61.129;21.506;Satakunta;Rauma;Työ- ja elinkeinotoimistot;24
61.129;21.506;Satakunta;Rauma;Ulosottovirastot;8
61.129;21.506;Satakunta;Rauma;Verohallinto;39
61.046;22.346;Satakunta;Säkylä;Elintarviketurvallisuusvirasto;1
61.046;22.346;Satakunta;Säkylä;Puolustushallinnon rakennuslaitos;27
61.046;22.346;Satakunta;Säkylä;Puolustusvoimat;562
61.046;22.346;Satakunta;Säkylä;Rikosseuraamuslaitos;49
61.046;22.346;Satakunta;Säkylä;Vankiterveydenhuollon yksikkö;1
#N/A;#N/A;Tuntematon;Tuntematon;Innovaatiorahoituskeskus Tekes;1
#N/A;#N/A;Ulkomailla toimivat;Ulkomailla toimivat;Innovaatiorahoituskeskus Tekes;5
#N/A;#N/A;Ulkomailla toimivat;Ulkomailla toimivat;Kansainvälisen liikkuvuuden ja yhteistyön keskus CIMO;15
#N/A;#N/A;Ulkomailla toimivat;Ulkomailla toimivat;Ulkoasiainministeriö;5
#N/A;#N/A;Ulkomailla toimivat;Ulkomailla toimivat;Ulkoasiainministeriön edustustot;534
#N/A;#N/A;Ulkomailla toimivat;Ulkomailla toimivat;Yleissivistävät koulut;23
60.206;24.656;Uusimaa;Espoo;Etelä-Savon elinkeino-, liikenne- ja ympäristökeskus;1
60.206;24.656;Uusimaa;Espoo;Geologian tutkimuskeskus;200
60.206;24.656;Uusimaa;Espoo;Käräjäoikeudet;88
60.206;24.656;Uusimaa;Espoo;Maistraatit;53
60.206;24.656;Uusimaa;Espoo;Oikeusapu- ja edunvalvontapiirit;29
60.206;24.656;Uusimaa;Espoo;Paikallispoliisi;394
60.206;24.656;Uusimaa;Espoo;Puolustusvoimat;34
60.206;24.656;Uusimaa;Espoo;Syyttäjänvirastot;33
60.206;24.656;Uusimaa;Espoo;Tulli;66
60.206;24.656;Uusimaa;Espoo;Työ- ja elinkeinotoimistot;101
60.206;24.656;Uusimaa;Espoo;Ulosottovirastot;41
60.206;24.656;Uusimaa;Espoo;Valtion tieto- ja viestintätekniikkakeskus Valtori;10
59.824;22.968;Uusimaa;Hanko;Paikallispoliisi;1
59.824;22.968;Uusimaa;Hanko;Rajavartiolaitos;9
59.824;22.968;Uusimaa;Hanko;Tulli;32
60.171;24.938;Uusimaa;Helsinki;ELY-keskusten ja TE-toimistojen kehittämis- ja hallintokeskus;77
60.171;24.938;Uusimaa;Helsinki;Eduskunnan kanslia;553
60.171;24.938;Uusimaa;Helsinki;Eduskunnan oikeusasiamiehen kanslia;59
60.171;24.938;Uusimaa;Helsinki;Elintarviketurvallisuusvirasto;434
60.171;24.938;Uusimaa;Helsinki;Energiavirasto;70
60.171;24.938;Uusimaa;Helsinki;Etelä-Pohjanmaan elinkeino-, liikenne- ja ympäristökeskus;1
60.171;24.938;Uusimaa;Helsinki;Etelä-Savon elinkeino-, liikenne- ja ympäristökeskus;2
60.171;24.938;Uusimaa;Helsinki;Etelä-Suomen aluehallintovirasto;230
60.171;24.938;Uusimaa;Helsinki;Hallinto-oikeudet;221
60.171;24.938;Uusimaa;Helsinki;Hovioikeudet;152
60.171;24.938;Uusimaa;Helsinki;Hämeen elinkeino-, liikenne- ja ympäristökeskus;12
60.171;24.938;Uusimaa;Helsinki;Ilmatieteen laitos;587
60.171;24.938;Uusimaa;Helsinki;Innovaatiorahoituskeskus Tekes;253
60.171;24.938;Uusimaa;Helsinki;Kaakkois-Suomen elinkeino-, liikenne- ja ympäristökeskus ;21
60.171;24.938;Uusimaa;Helsinki;Kansainvälisen liikkuvuuden ja yhteistyön keskus CIMO;103
60.171;24.938;Uusimaa;Helsinki;Kansallinen audiovisuaalinen instituutti;87
60.171;24.938;Uusimaa;Helsinki;Kansallinen koulutuksen arviointikeskus;37
60.171;24.938;Uusimaa;Helsinki;Kansallisarkisto;136
60.171;24.938;Uusimaa;Helsinki;Kilpailu- ja kuluttajavirasto;128
60.171;24.938;Uusimaa;Helsinki;Konkurssiasiamiehen toimisto;10
60.171;24.938;Uusimaa;Helsinki;Korkein hallinto-oikeus;126
60.171;24.938;Uusimaa;Helsinki;Korkein oikeus;74
60.171;24.938;Uusimaa;Helsinki;Kotimaisten kielten keskus;84
60.171;24.938;Uusimaa;Helsinki;Kriminaalipolitiikan instituutti;8
60.171;24.938;Uusimaa;Helsinki;Kuluttajariitalautakunta;32
60.171;24.938;Uusimaa;Helsinki;Käräjäoikeudet;354
60.171;24.938;Uusimaa;Helsinki;Lapsiasiavaltuutetun toimisto;1
60.171;24.938;Uusimaa;Helsinki;Liikenne- ja viestintäministeriö;146
60.171;24.938;Uusimaa;Helsinki;Liikennevirasto;419
60.171;24.938;Uusimaa;Helsinki;Liikenteen turvallisuusvirasto;413
60.171;24.938;Uusimaa;Helsinki;Luonnonvarakeskus;188
60.171;24.938;Uusimaa;Helsinki;Länsi- ja Sisä-Suomen aluehallintovirasto;4
60.171;24.938;Uusimaa;Helsinki;Lääkealan turvallisuus- ja kehittämiskeskus ;168
60.171;24.938;Uusimaa;Helsinki;Maa- ja metsätalousministeriö;261
60.171;24.938;Uusimaa;Helsinki;Maahanmuuttovirasto;483
60.171;24.938;Uusimaa;Helsinki;Maakunta-arkistot;1
60.171;24.938;Uusimaa;Helsinki;Maanmittauslaitos;374
60.171;24.938;Uusimaa;Helsinki;Maaseutuvirasto;8
60.171;24.938;Uusimaa;Helsinki;Maistraatit;90
60.171;24.938;Uusimaa;Helsinki;Markkinaoikeus;38
60.171;24.938;Uusimaa;Helsinki;Museovirasto;189
60.171;24.938;Uusimaa;Helsinki;Näkövammaisten kirjasto;47
60.171;24.938;Uusimaa;Helsinki;Oikeusapu- ja edunvalvontapiirit;84
60.171;24.938;Uusimaa;Helsinki;Oikeuskanslerinvirasto;31
60.171;24.938;Uusimaa;Helsinki;Oikeusministeriö;241
60.171;24.938;Uusimaa;Helsinki;Onnettomuustutkintakeskus;16
60.171;24.938;Uusimaa;Helsinki;Opetus- ja kulttuuriministeriö;248
60.171;24.938;Uusimaa;Helsinki;Opetushallitus;241
60.171;24.938;Uusimaa;Helsinki;Opintotuen muutoksenhakulautakunta;9
60.171;24.938;Uusimaa;Helsinki;Paikallispoliisi;1640
60.171;24.938;Uusimaa;Helsinki;Pakolaist ja turvapaik hak vastaano;1
60.171;24.938;Uusimaa;Helsinki;Patentti- ja rekisterihallitus;402
60.171;24.938;Uusimaa;Helsinki;Pirkanmaan elinkeino-, liikenne- ja ympäristökeskus;17
60.171;24.938;Uusimaa;Helsinki;Pohjois-Karjalan elinkeino-, liikenne- ja ympäristökeskus;1
60.171;24.938;Uusimaa;Helsinki;Pohjois-Suomen aluehallintovirasto;1
60.171;24.938;Uusimaa;Helsinki;Poliisihallitus;165
60.171;24.938;Uusimaa;Helsinki;Puolustushallinnon rakennuslaitos;75
60.171;24.938;Uusimaa;Helsinki;Puolustusministeriö;135
60.171;24.938;Uusimaa;Helsinki;Puolustusvoimat;1765
60.171;24.938;Uusimaa;Helsinki;Rahoitusvakausvirasto;12
60.171;24.938;Uusimaa;Helsinki;Rajavartiolaitos;387
60.171;24.938;Uusimaa;Helsinki;Rikosseuraamuslaitos;359
60.171;24.938;Uusimaa;Helsinki;Sisäministeriö;192
60.171;24.938;Uusimaa;Helsinki;Sosiaali- ja terveysalan lupa- ja valvontavirasto;145
60.171;24.938;Uusimaa;Helsinki;Sosiaali- ja terveysministeriö;352
60.171;24.938;Uusimaa;Helsinki;Sosiaaliturvan muutoksenhakulautakunta;67
60.171;24.938;Uusimaa;Helsinki;Suojelupoliisi;247
60.171;24.938;Uusimaa;Helsinki;Suomen Akatemia;139
60.171;24.938;Uusimaa;Helsinki;Suomen ympäristökeskus;513
60.171;24.938;Uusimaa;Helsinki;Suomenlinnan hoitokunta;76
60.171;24.938;Uusimaa;Helsinki;Syyttäjänvirastot;79
60.171;24.938;Uusimaa;Helsinki;Säteilyturvakeskus;313
60.171;24.938;Uusimaa;Helsinki;Taiteen edistämiskeskus;30
60.171;24.938;Uusimaa;Helsinki;Tasa-arvovaltuutetun toimisto;10
60.171;24.938;Uusimaa;Helsinki;Tasavallan presidentin kanslia;53
60.171;24.938;Uusimaa;Helsinki;Terveyden ja hyvinvoinnin laitos;816
60.171;24.938;Uusimaa;Helsinki;Tietosuojavaltuutetun toimisto;23
60.171;24.938;Uusimaa;Helsinki;Tilastokeskus;812
60.171;24.938;Uusimaa;Helsinki;Tulli;828
60.171;24.938;Uusimaa;Helsinki;Turvallisuus- ja kemikaalivirasto;172
60.171;24.938;Uusimaa;Helsinki;Työ- ja elinkeinoministeriö;393
60.171;24.938;Uusimaa;Helsinki;Työ- ja elinkeinotoimistot;403
60.171;24.938;Uusimaa;Helsinki;Työttömyysturvan muutoksenhakulautakunta;36
60.171;24.938;Uusimaa;Helsinki;Työtuomioistuin;9
60.171;24.938;Uusimaa;Helsinki;Ulkoasiainministeriö;849
60.171;24.938;Uusimaa;Helsinki;Ulkoasiainministeriön edustustot;2
60.171;24.938;Uusimaa;Helsinki;Ulkopoliittinen instituutti;45
60.171;24.938;Uusimaa;Helsinki;Ulosottovirastot;149
60.171;24.938;Uusimaa;Helsinki;Uudenmaan elinkeino-, liikenne- ja ympäristökeskus;223
60.171;24.938;Uusimaa;Helsinki;Vakuutusoikeus;107
60.171;24.938;Uusimaa;Helsinki;Valtakunnansyyttäjänvirasto;38
60.171;24.938;Uusimaa;Helsinki;Valtakunnanvoudinvirasto;14
60.171;24.938;Uusimaa;Helsinki;Valtiokonttori;307
60.171;24.938;Uusimaa;Helsinki;Valtion taloudellinen tutkimuskesku;51
60.171;24.938;Uusimaa;Helsinki;Valtion talous- ja henkilöstöhallinnon palvelukeskus;1
60.171;24.938;Uusimaa;Helsinki;Valtion tieto- ja viestintätekniikkakeskus Valtori;458
60.171;24.938;Uusimaa;Helsinki;Valtioneuvoston kanslia;540
60.171;24.938;Uusimaa;Helsinki;Valtiontalouden tarkastusvirasto;136
60.171;24.938;Uusimaa;Helsinki;Valtiovarainministeriö;352
60.171;24.938;Uusimaa;Helsinki;Vankiterveydenhuollon yksikkö;15
60.171;24.938;Uusimaa;Helsinki;Varsinais-Suomen elinkeino-, liikenne- ja ympäristökeskus;6
60.171;24.938;Uusimaa;Helsinki;Verohallinto;974
60.171;24.938;Uusimaa;Helsinki;Viestintävirasto;222
60.171;24.938;Uusimaa;Helsinki;Väestörekisterikeskus;121
60.171;24.938;Uusimaa;Helsinki;Yhdenvertaisuusvaltuutetun toimisto;19
60.171;24.938;Uusimaa;Helsinki;Yleissivistävät koulut;367
60.171;24.938;Uusimaa;Helsinki;Ylioppilastutkintolautakunta;27
60.171;24.938;Uusimaa;Helsinki;Ympäristöministeriö;245
60.631;24.860;Uusimaa;Hyvinkää;Käräjäoikeudet;43
60.631;24.860;Uusimaa;Hyvinkää;Maistraatit;20
60.631;24.860;Uusimaa;Hyvinkää;Oikeusapu- ja edunvalvontapiirit;19
60.631;24.860;Uusimaa;Hyvinkää;Paikallispoliisi;92
60.631;24.860;Uusimaa;Hyvinkää;Työ- ja elinkeinotoimistot;35
60.631;24.860;Uusimaa;Hyvinkää;Ulosottovirastot;14
60.472;25.089;Uusimaa;Järvenpää;Käräjäoikeudet;40
60.472;25.089;Uusimaa;Järvenpää;Oikeusapu- ja edunvalvontapiirit;8
60.472;25.089;Uusimaa;Järvenpää;Paikallispoliisi;136
60.472;25.089;Uusimaa;Järvenpää;Syyttäjänvirastot;19
60.472;25.089;Uusimaa;Järvenpää;Työ- ja elinkeinotoimistot;31
60.472;25.089;Uusimaa;Järvenpää;Ulosottovirastot;24
60.472;25.089;Uusimaa;Järvenpää;Valtion tieto- ja viestintätekniikkakeskus Valtori;2
60.472;25.089;Uusimaa;Järvenpää;Verohallinto;93
60.403;25.100;Uusimaa;Kerava;Hätäkeskuslaitos;123
60.403;25.100;Uusimaa;Kerava;Rikosseuraamuslaitos;101
60.403;25.100;Uusimaa;Kerava;Työ- ja elinkeinotoimistot;7
60.403;25.100;Uusimaa;Kerava;Valtion tieto- ja viestintätekniikkakeskus Valtori;1
60.403;25.100;Uusimaa;Kerava;Vankiterveydenhuollon yksikkö;2
60.124;24.439;Uusimaa;Kirkkonummi;Ammatilliset koulut;8
60.124;24.439;Uusimaa;Kirkkonummi;Käräjäoikeudet;2
60.124;24.439;Uusimaa;Kirkkonummi;Maanmittauslaitos;113
60.124;24.439;Uusimaa;Kirkkonummi;Museovirasto;1
60.124;24.439;Uusimaa;Kirkkonummi;Paikallispoliisi;31
60.124;24.439;Uusimaa;Kirkkonummi;Puolustushallinnon rakennuslaitos;18
60.124;24.439;Uusimaa;Kirkkonummi;Puolustusvoimat;502
60.124;24.439;Uusimaa;Kirkkonummi;Rajavartiolaitos;81
60.624;26.197;Uusimaa;Lapinjärvi;ELY-keskusten ja TE-toimistojen kehittämis- ja hallintokeskus;18
60.624;26.197;Uusimaa;Lapinjärvi;Luonnonvarakeskus;2
60.624;26.197;Uusimaa;Lapinjärvi;Maanmittauslaitos;7
60.624;26.197;Uusimaa;Lapinjärvi;Maaseutuvirasto;1
60.250;24.067;Uusimaa;Lohja;Ammatilliset koulut;18
60.250;24.067;Uusimaa;Lohja;ELY-keskusten ja TE-toimistojen kehittämis- ja hallintokeskus;1
60.250;24.067;Uusimaa;Lohja;Käräjäoikeudet;24
60.250;24.067;Uusimaa;Lohja;Maanmittauslaitos;37
60.250;24.067;Uusimaa;Lohja;Oikeusapu- ja edunvalvontapiirit;13
60.250;24.067;Uusimaa;Lohja;Paikallispoliisi;96
60.250;24.067;Uusimaa;Lohja;Syyttäjänvirastot;7
60.250;24.067;Uusimaa;Lohja;Työ- ja elinkeinotoimistot;30
60.250;24.067;Uusimaa;Lohja;Ulosottovirastot;15
60.250;24.067;Uusimaa;Lohja;Verohallinto;29
60.457;26.225;Uusimaa;Loviisa;Paikallispoliisi;16
60.457;26.225;Uusimaa;Loviisa;Säteilyturvakeskus;1
60.457;26.225;Uusimaa;Loviisa;Työ- ja elinkeinotoimistot;3
60.636;25.319;Uusimaa;Mäntsälä;Paikallispoliisi;1
60.463;24.807;Uusimaa;Nurmijärvi;Paikallispoliisi;4
60.393;25.664;Uusimaa;Porvoo;Etelä-Suomen aluehallintovirasto;1
60.393;25.664;Uusimaa;Porvoo;Käräjäoikeudet;26
60.393;25.664;Uusimaa;Porvoo;Maanmittauslaitos;39
60.393;25.664;Uusimaa;Porvoo;Maistraatit;11
60.393;25.664;Uusimaa;Porvoo;Oikeusapu- ja edunvalvontapiirit;12
60.393;25.664;Uusimaa;Porvoo;Paikallispoliisi;87
60.393;25.664;Uusimaa;Porvoo;Puolustusvoimat;6
60.393;25.664;Uusimaa;Porvoo;Rajavartiolaitos;11
60.393;25.664;Uusimaa;Porvoo;Syyttäjänvirastot;6
60.393;25.664;Uusimaa;Porvoo;Työ- ja elinkeinotoimistot;26
60.393;25.664;Uusimaa;Porvoo;Ulosottovirastot;18
60.393;25.664;Uusimaa;Porvoo;Verohallinto;50
59.975;23.436;Uusimaa;Raasepori;Käräjäoikeudet;24
59.975;23.436;Uusimaa;Raasepori;Maistraatit;8
59.975;23.436;Uusimaa;Raasepori;Oikeusapu- ja edunvalvontapiirit;8
59.975;23.436;Uusimaa;Raasepori;Paikallispoliisi;60
59.975;23.436;Uusimaa;Raasepori;Puolustushallinnon rakennuslaitos;11
59.975;23.436;Uusimaa;Raasepori;Puolustusvoimat;212
59.975;23.436;Uusimaa;Raasepori;Rajavartiolaitos;6
59.975;23.436;Uusimaa;Raasepori;Syyttäjänvirastot;1
59.975;23.436;Uusimaa;Raasepori;Työ- ja elinkeinotoimistot;12
59.975;23.436;Uusimaa;Raasepori;Ulosottovirastot;11
59.975;23.436;Uusimaa;Raasepori;Valtion tieto- ja viestintätekniikkakeskus Valtori;1
59.975;23.436;Uusimaa;Raasepori;Verohallinto;11
60.403;25.029;Uusimaa;Tuusula;Puolustushallinnon rakennuslaitos;8
60.403;25.029;Uusimaa;Tuusula;Puolustusvoimat;70
60.403;25.029;Uusimaa;Tuusula;Rikosseuraamuslaitos;86
60.403;25.029;Uusimaa;Tuusula;Vankiterveydenhuollon yksikkö;3
60.294;25.040;Uusimaa;Vantaa;Ilmatieteen laitos;8
60.294;25.040;Uusimaa;Vantaa;Keskusrikospoliisi;568
60.294;25.040;Uusimaa;Vantaa;Kotimaisten kielten keskus;1
60.294;25.040;Uusimaa;Vantaa;Käräjäoikeudet;84
60.294;25.040;Uusimaa;Vantaa;Luonnonvarakeskus;197
60.294;25.040;Uusimaa;Vantaa;Maistraatit;1
60.294;25.040;Uusimaa;Vantaa;Museovirasto;19
60.294;25.040;Uusimaa;Vantaa;Oikeusapu- ja edunvalvontapiirit;29
60.294;25.040;Uusimaa;Vantaa;Paikallispoliisi;468
60.294;25.040;Uusimaa;Vantaa;Rajavartiolaitos;254
60.294;25.040;Uusimaa;Vantaa;Rikosseuraamuslaitos;209
60.294;25.040;Uusimaa;Vantaa;Syyttäjänvirastot;37
60.294;25.040;Uusimaa;Vantaa;Tulli;131
60.294;25.040;Uusimaa;Vantaa;Työ- ja elinkeinotoimistot;88
60.294;25.040;Uusimaa;Vantaa;Ulosottovirastot;43
60.294;25.040;Uusimaa;Vantaa;Uudenmaan elinkeino-, liikenne- ja ympäristökeskus;1
60.294;25.040;Uusimaa;Vantaa;Valtion tieto- ja viestintätekniikkakeskus Valtori;8
60.294;25.040;Uusimaa;Vantaa;Valtioneuvoston kanslia;1
60.294;25.040;Uusimaa;Vantaa;Vankiterveydenhuollon yksikkö;19
60.294;25.040;Uusimaa;Vantaa;Verohallinto;598
60.417;24.319;Uusimaa;Vihti;Luonnonvarakeskus;14
60.417;24.319;Uusimaa;Vihti;Valtion koulukodit;67
60.647;22.590;Varsinais-Suomi;Aura;Rikosseuraamuslaitos;31
60.407;22.372;Varsinais-Suomi;Kaarina;Luonnonvarakeskus;23
60.407;22.372;Varsinais-Suomi;Kaarina;Paikallispoliisi;1
60.407;22.372;Varsinais-Suomi;Kaarina;Työ- ja elinkeinotoimistot;11
60.164;22.728;Varsinais-Suomi;Kemiönsaari;Lounais-Suomen aluehallintovirasto;1
60.164;22.728;Varsinais-Suomi;Kemiönsaari;Paikallispoliisi;5
60.164;22.728;Varsinais-Suomi;Kemiönsaari;Puolustusvoimat;10
60.164;22.728;Varsinais-Suomi;Kemiönsaari;Rajavartiolaitos;9
60.164;22.728;Varsinais-Suomi;Kemiönsaari;Verohallinto;2
60.546;21.358;Varsinais-Suomi;Kustavi;Rajavartiolaitos;8
60.504;22.458;Varsinais-Suomi;Lieto;Elintarviketurvallisuusvirasto;1
60.504;22.458;Varsinais-Suomi;Lieto;Puolustusvoimat;2
60.504;22.458;Varsinais-Suomi;Lieto;Työ- ja elinkeinotoimistot;1
60.851;23.058;Varsinais-Suomi;Loimaa;Elintarviketurvallisuusvirasto;46
60.851;23.058;Varsinais-Suomi;Loimaa;Käräjäoikeudet;1
60.851;23.058;Varsinais-Suomi;Loimaa;Oikeusapu- ja edunvalvontapiirit;5
60.851;23.058;Varsinais-Suomi;Loimaa;Paikallispoliisi;29
60.851;23.058;Varsinais-Suomi;Loimaa;Työ- ja elinkeinotoimistot;12
60.851;23.058;Varsinais-Suomi;Loimaa;Ulosottovirastot;7
60.851;23.058;Varsinais-Suomi;Loimaa;Varsinais-Suomen elinkeino-, liikenne- ja ympäristökeskus;1
60.851;23.058;Varsinais-Suomi;Loimaa;Verohallinto;25
60.468;22.026;Varsinais-Suomi;Naantali;Tasavallan presidentin kanslia;5
60.599;22.083;Varsinais-Suomi;Nousiainen;Hallinto-oikeudet;4
60.457;22.686;Varsinais-Suomi;Paimio;Elintarviketurvallisuusvirasto;4
60.457;22.686;Varsinais-Suomi;Paimio;Varsinais-Suomen elinkeino-, liikenne- ja ympäristökeskus;1
60.300;22.300;Varsinais-Suomi;Parainen;Käräjäoikeudet;2
60.300;22.300;Varsinais-Suomi;Parainen;Maistraatit;3
60.300;22.300;Varsinais-Suomi;Parainen;Paikallispoliisi;16
60.300;22.300;Varsinais-Suomi;Parainen;Puolustushallinnon rakennuslaitos;2
60.300;22.300;Varsinais-Suomi;Parainen;Puolustusvoimat;60
60.300;22.300;Varsinais-Suomi;Parainen;Rajavartiolaitos;21
60.300;22.300;Varsinais-Suomi;Parainen;Työ- ja elinkeinotoimistot;6
60.300;22.300;Varsinais-Suomi;Parainen;Ulosottovirastot;4
60.486;22.169;Varsinais-Suomi;Raisio;Maahanmuuttovirasto;65
60.486;22.169;Varsinais-Suomi;Raisio;Paikallispoliisi;63
60.486;22.169;Varsinais-Suomi;Raisio;Poliisihallitus;5
60.486;22.169;Varsinais-Suomi;Raisio;Työ- ja elinkeinotoimistot;20
60.486;22.169;Varsinais-Suomi;Raisio;Valtion tieto- ja viestintätekniikkakeskus Valtori;13
60.386;23.125;Varsinais-Suomi;Salo;Käräjäoikeudet;3
60.386;23.125;Varsinais-Suomi;Salo;Lounais-Suomen aluehallintovirasto;1
60.386;23.125;Varsinais-Suomi;Salo;Maanmittauslaitos;14
60.386;23.125;Varsinais-Suomi;Salo;Maistraatit;9
60.386;23.125;Varsinais-Suomi;Salo;Oikeusapu- ja edunvalvontapiirit;6
60.386;23.125;Varsinais-Suomi;Salo;Paikallispoliisi;65
60.386;23.125;Varsinais-Suomi;Salo;Työ- ja elinkeinotoimistot;33
60.386;23.125;Varsinais-Suomi;Salo;Ulosottovirastot;11
60.386;23.125;Varsinais-Suomi;Salo;Verohallinto;28
60.451;22.267;Varsinais-Suomi;Turku;ELY-keskusten ja TE-toimistojen kehittämis- ja hallintokeskus;37
60.451;22.267;Varsinais-Suomi;Turku;Elintarviketurvallisuusvirasto;8
60.451;22.267;Varsinais-Suomi;Turku;Etelä-Savon elinkeino-, liikenne- ja ympäristökeskus;3
60.451;22.267;Varsinais-Suomi;Turku;Etelä-Suomen aluehallintovirasto;24
60.451;22.267;Varsinais-Suomi;Turku;Hallinto-oikeudet;40
60.451;22.267;Varsinais-Suomi;Turku;Hovioikeudet;103
60.451;22.267;Varsinais-Suomi;Turku;Hätäkeskuslaitos;76
60.451;22.267;Varsinais-Suomi;Turku;Itä-Suomen aluehallintovirasto;1
60.451;22.267;Varsinais-Suomi;Turku;Kansallisarkisto;3
60.451;22.267;Varsinais-Suomi;Turku;Keski-Suomen elinkeino-, liikenne- ja ympäristökeskus;7
60.451;22.267;Varsinais-Suomi;Turku;Keskusrikospoliisi;23
60.451;22.267;Varsinais-Suomi;Turku;Konkurssiasiamiehen toimisto;1
60.451;22.267;Varsinais-Suomi;Turku;Käräjäoikeudet;148
60.451;22.267;Varsinais-Suomi;Turku;Liikennevirasto;63
60.451;22.267;Varsinais-Suomi;Turku;Liikenteen turvallisuusvirasto;7
60.451;22.267;Varsinais-Suomi;Turku;Lounais-Suomen aluehallintovirasto;102
60.451;22.267;Varsinais-Suomi;Turku;Luonnonvarakeskus;37
60.451;22.267;Varsinais-Suomi;Turku;Länsi- ja Sisä-Suomen aluehallintovirasto;3
60.451;22.267;Varsinais-Suomi;Turku;Lääkealan turvallisuus- ja kehittämiskeskus ;6
60.451;22.267;Varsinais-Suomi;Turku;Maahanmuuttovirasto;1
60.451;22.267;Varsinais-Suomi;Turku;Maakunta-arkistot;20
60.451;22.267;Varsinais-Suomi;Turku;Maanmittauslaitos;109
60.451;22.267;Varsinais-Suomi;Turku;Maaseutuvirasto;1
60.451;22.267;Varsinais-Suomi;Turku;Maistraatit;45
60.451;22.267;Varsinais-Suomi;Turku;Museovirasto;3
60.451;22.267;Varsinais-Suomi;Turku;Oikeusapu- ja edunvalvontapiirit;66
60.451;22.267;Varsinais-Suomi;Turku;Paikallispoliisi;421
60.451;22.267;Varsinais-Suomi;Turku;Pirkanmaan elinkeino-, liikenne- ja ympäristökeskus;11
60.451;22.267;Varsinais-Suomi;Turku;Puolustushallinnon rakennuslaitos;61
60.451;22.267;Varsinais-Suomi;Turku;Puolustusvoimat;802
60.451;22.267;Varsinais-Suomi;Turku;Rajavartiolaitos;177
60.451;22.267;Varsinais-Suomi;Turku;Rikosseuraamuslaitos;260
60.451;22.267;Varsinais-Suomi;Turku;Suojelupoliisi;7
60.451;22.267;Varsinais-Suomi;Turku;Syyttäjänvirastot;39
60.451;22.267;Varsinais-Suomi;Turku;Taiteen edistämiskeskus;4
60.451;22.267;Varsinais-Suomi;Turku;Terveyden ja hyvinvoinnin laitos;18
60.451;22.267;Varsinais-Suomi;Turku;Tulli;130
60.451;22.267;Varsinais-Suomi;Turku;Työ- ja elinkeinotoimistot;154
60.451;22.267;Varsinais-Suomi;Turku;Ulosottovirastot;64
60.451;22.267;Varsinais-Suomi;Turku;Uudenmaan elinkeino-, liikenne- ja ympäristökeskus;5
60.451;22.267;Varsinais-Suomi;Turku;Valtakunnansyyttäjänvirasto;1
60.451;22.267;Varsinais-Suomi;Turku;Valtakunnanvoudinvirasto;18
60.451;22.267;Varsinais-Suomi;Turku;Valtion tieto- ja viestintätekniikkakeskus Valtori;26
60.451;22.267;Varsinais-Suomi;Turku;Valtiontalouden tarkastusvirasto;3
60.451;22.267;Varsinais-Suomi;Turku;Vankiterveydenhuollon yksikkö;63
60.451;22.267;Varsinais-Suomi;Turku;Varsinais-Suomen elinkeino-, liikenne- ja ympäristökeskus;212
60.451;22.267;Varsinais-Suomi;Turku;Verohallinto;416
60.800;21.410;Varsinais-Suomi;Uusikaupunki;Käräjäoikeudet;2
60.800;21.410;Varsinais-Suomi;Uusikaupunki;Oikeusapu- ja edunvalvontapiirit;8
60.800;21.410;Varsinais-Suomi;Uusikaupunki;Paikallispoliisi;32
60.800;21.410;Varsinais-Suomi;Uusikaupunki;Työ- ja elinkeinotoimistot;10
60.800;21.410;Varsinais-Suomi;Uusikaupunki;Ulosottovirastot;6
